Date,Date,TimeDay,TestID,TestID2,TL_mm,mass_mg,Order_fish_flip,tank,temp_tolerance,Test,Tide,Tide2,Phys.cond,treatment,temp_treatment,Field_Lab,Temp_test_start,max.Env.Temp,min.Env.Temp,mean.Env.Temp,delta.T,Stat_Var
11/12/19,12-Nov,8:00:00,lab1,LAB-V1,37,213,1,2,33.83,CTmax,NA,NA,NOTFED,V1,V1,LAB,27,28,16,22,12,variable
11/12/19,12-Nov,8:00:00,lab1,LAB-27,37,410,2,16,37.16,CTmax,NA,NA,NOTFED,HOT,27,LAB,27,28,26,27,2,static
11/12/19,12-Nov,8:00:00,lab1,LAB-V1,41,325,3,2,38.39,CTmax,NA,NA,NOTFED,V1,V1,LAB,27,28,16,22,12,variable
11/12/19,12-Nov,8:00:00,lab1,LAB-V1,39,282,4,2,38.24,CTmax,NA,NA,NOTFED,V1,V1,LAB,27,28,16,22,12,variable
11/12/19,12-Nov,8:00:00,lab1,LAB-V1,43,475,5,2,38.32,CTmax,NA,NA,NOTFED,V1,V1,LAB,27,28,16,22,12,variable
11/12/19,12-Nov,8:00:00,lab1,LAB-V1,38,250,6,4,38.5,CTmax,NA,NA,NOTFED,V1,V1,LAB,27,28,16,22,12,variable
11/12/19,12-Nov,8:00:00,lab1,LAB-V1,43,533,7,2,38.53,CTmax,NA,NA,NOTFED,V1,V1,LAB,27,28,16,22,12,variable
11/12/19,12-Nov,8:00:00,lab1,LAB-V1,35,147,8,4,38.59,CTmax,NA,NA,NOTFED,V1,V1,LAB,27,28,16,22,12,variable
11/12/19,12-Nov,8:00:00,lab1,LAB-V1,35,227,9,4,38.57,CTmax,NA,NA,NOTFED,V1,V1,LAB,27,28,16,22,12,variable
11/12/19,12-Nov,8:00:00,lab1,LAB-V1,30,151,10,4,38.39,CTmax,NA,NA,NOTFED,V1,V1,LAB,27,28,16,22,12,variable
11/12/19,12-Nov,8:00:00,lab1,LAB-V1,40,288,11,4,38.65,CTmax,NA,NA,NOTFED,V1,V1,LAB,27,28,16,22,12,variable
11/12/19,12-Nov,8:00:00,lab1,LAB-27,30,142,12,16,38.33,CTmax,NA,NA,NOTFED,HOT,27,LAB,27,28,26,27,2,static
11/12/19,12-Nov,8:00:00,lab1,LAB-27,37,212,13,16,38.4,CTmax,NA,NA,NOTFED,HOT,27,LAB,27,28,26,27,2,static
11/12/19,12-Nov,8:00:00,lab1,LAB-27,36,233,14,16,38.6,CTmax,NA,NA,NOTFED,HOT,27,LAB,27,28,26,27,2,static
11/12/19,12-Nov,8:00:00,lab1,LAB-27,40,307,15,10,38.72,CTmax,NA,NA,NOTFED,HOT,27,LAB,27,28,26,27,2,static
11/12/19,12-Nov,8:00:00,lab1,LAB-27,42,397,16,16,39.24,CTmax,NA,NA,NOTFED,HOT,27,LAB,27,28,26,27,2,static
11/12/19,12-Nov,8:00:00,lab1,LAB-27,31,175,17,1,39.52,CTmax,NA,NA,NOTFED,HOT,27,LAB,27,28,26,27,2,static
11/12/19,12-Nov,8:00:00,lab1,LAB-27,39,290,18,1,39.52,CTmax,NA,NA,NOTFED,HOT,27,LAB,27,28,26,27,2,static
11/12/19,12-Nov,8:00:00,lab1,LAB-27,32,149,19,1,39.52,CTmax,NA,NA,NOTFED,HOT,27,LAB,27,28,26,27,2,static
11/12/19,12-Nov,8:00:00,lab1,LAB-27,40,369,20,1,39.53,CTmax,NA,NA,NOTFED,HOT,27,LAB,27,28,26,27,2,static
11/12/19,12-Nov,8:00:00,lab1,LAB-27,35,202,21,1,39.53,CTmax,NA,NA,NOTFED,HOT,27,LAB,27,28,26,27,2,static
11/12/19,12-Nov,8:00:00,lab1,LAB-27,35,250,22,10,39.53,CTmax,NA,NA,NOTFED,HOT,27,LAB,27,28,26,27,2,static
11/12/19,12-Nov,17:30:00,lab2,LAB-V1,41,314,1,4,9.8,CTmin,NA,NA,NOTFED,V1,V1,LAB,26.7,28,16,22,12,variable
11/12/19,12-Nov,17:30:00,lab2,LAB-27,37,278,2,1,7.25,CTmin,NA,NA,NOTFED,HOT,27,LAB,26.7,28,26,27,2,static
11/12/19,12-Nov,17:30:00,lab2,LAB-27,37,284,3,1,7.19,CTmin,NA,NA,NOTFED,HOT,27,LAB,26.7,28,26,27,2,static
11/12/19,12-Nov,17:30:00,lab2,LAB-27,36,253,4,1,6.99,CTmin,NA,NA,NOTFED,HOT,27,LAB,26.7,28,26,27,2,static
11/12/19,12-Nov,17:30:00,lab2,LAB-27,38,290,5,16,6.77,CTmin,NA,NA,NOTFED,HOT,27,LAB,26.7,28,26,27,2,static
11/12/19,12-Nov,17:30:00,lab2,LAB-27,33,191,6,16,6.72,CTmin,NA,NA,NOTFED,HOT,27,LAB,26.7,28,26,27,2,static
11/12/19,12-Nov,17:30:00,lab2,LAB-27,40,356,7,1,6.64,CTmin,NA,NA,NOTFED,HOT,27,LAB,26.7,28,26,27,2,static
11/12/19,12-Nov,17:30:00,lab2,LAB-27,36,235,8,16,6.61,CTmin,NA,NA,NOTFED,HOT,27,LAB,26.7,28,26,27,2,static
11/12/19,12-Nov,17:30:00,lab2,LAB-27,35,197,9,16,6.52,CTmin,NA,NA,NOTFED,HOT,27,LAB,26.7,28,26,27,2,static
11/12/19,12-Nov,17:30:00,lab2,LAB-V1,38,329,10,2,6.23,CTmin,NA,NA,NOTFED,V1,V1,LAB,26.7,28,16,22,12,variable
11/12/19,12-Nov,17:30:00,lab2,LAB-27,32,175,11,1,6.22,CTmin,NA,NA,NOTFED,HOT,27,LAB,26.7,28,26,27,2,static
11/12/19,12-Nov,17:30:00,lab2,LAB-27,27,99,12,10,6.1,CTmin,NA,NA,NOTFED,HOT,27,LAB,26.7,28,26,27,2,static
11/12/19,12-Nov,17:30:00,lab2,LAB-V1,36,249,13,2,6.07,CTmin,NA,NA,NOTFED,V1,V1,LAB,26.7,28,16,22,12,variable
11/12/19,12-Nov,17:30:00,lab2,LAB-27,34,166,14,16,5.99,CTmin,NA,NA,NOTFED,HOT,27,LAB,26.7,28,26,27,2,static
11/12/19,12-Nov,17:30:00,lab2,LAB-V1,23,193,15,2,5.81,CTmin,NA,NA,NOTFED,V1,V1,LAB,26.7,28,16,22,12,variable
11/12/19,12-Nov,17:30:00,lab2,LAB-27,27,107,16,10,5.77,CTmin,NA,NA,NOTFED,HOT,27,LAB,26.7,28,26,27,2,static
11/12/19,12-Nov,17:30:00,lab2,LAB-V1,38,235,17,4,5.75,CTmin,NA,NA,NOTFED,V1,V1,LAB,26.7,28,16,22,12,variable
11/12/19,12-Nov,17:30:00,lab2,LAB-V1,35,202,18,4,5.55,CTmin,NA,NA,NOTFED,V1,V1,LAB,26.7,28,16,22,12,variable
11/12/19,12-Nov,17:30:00,lab2,LAB-V1,39,243,19,2,5.41,CTmin,NA,NA,NOTFED,V1,V1,LAB,26.7,28,16,22,12,variable
11/12/19,12-Nov,17:30:00,lab2,LAB-V1,40,286,20,4,5.27,CTmin,NA,NA,NOTFED,V1,V1,LAB,26.7,28,16,22,12,variable
11/12/19,12-Nov,17:30:00,lab2,LAB-V1,42,429,21,4,5.21,CTmin,NA,NA,NOTFED,V1,V1,LAB,26.7,28,16,22,12,variable
11/12/19,12-Nov,17:30:00,lab2,LAB-V1,39,264,22,2,5.11,CTmin,NA,NA,NOTFED,V1,V1,LAB,26.7,28,16,22,12,variable
11/13/19,13-Nov,7:30:00,lab3,LAB-V2,42,306,1,12,31.14,CTmax,NA,NA,NOTFED,V2,V2,LAB,22.8,33,11,22,22,variable
11/13/19,13-Nov,7:30:00,lab3,LAB-22,39,223,2,17,34.36,CTmax,NA,NA,NOTFED,MED,22,LAB,22.8,23,21,22,2,static
11/13/19,13-Nov,7:30:00,lab3,LAB-22,33,161,3,5,35.81,CTmax,NA,NA,NOTFED,MED,22,LAB,22.8,23,21,22,2,static
11/13/19,13-Nov,7:30:00,lab3,LAB-22,35,203,4,17,35.96,CTmax,NA,NA,NOTFED,MED,22,LAB,22.8,23,21,22,2,static
11/13/19,13-Nov,7:30:00,lab3,LAB-22,36,214,5,9,36.52,CTmax,NA,NA,NOTFED,MED,22,LAB,22.8,23,21,22,2,static
11/13/19,13-Nov,7:30:00,lab3,LAB-V2,37,216,6,12,36.78,CTmax,NA,NA,NOTFED,V2,V2,LAB,22.8,33,11,22,22,variable
11/13/19,13-Nov,7:30:00,lab3,LAB-V2,32,141,7,15,39.85,CTmax,NA,NA,NOTFED,V2,V2,LAB,22.8,33,11,22,22,variable
11/13/19,13-Nov,7:30:00,lab3,LAB-22,39,302,8,9,36.97,CTmax,NA,NA,NOTFED,MED,22,LAB,22.8,23,21,22,2,static
11/13/19,13-Nov,7:30:00,lab3,LAB-22,38,281,9,17,37.1,CTmax,NA,NA,NOTFED,MED,22,LAB,22.8,23,21,22,2,static
11/13/19,13-Nov,7:30:00,lab3,LAB-V2,34,236,10,15,37.38,CTmax,NA,NA,NOTFED,V2,V2,LAB,22.8,33,11,22,22,variable
11/13/19,13-Nov,7:30:00,lab3,LAB-22,35,228,11,17,37.58,CTmax,NA,NA,NOTFED,MED,22,LAB,22.8,23,21,22,2,static
11/13/19,13-Nov,7:30:00,lab3,LAB-22,39,283,12,5,37.65,CTmax,NA,NA,NOTFED,MED,22,LAB,22.8,23,21,22,2,static
11/13/19,13-Nov,7:30:00,lab3,LAB-V2,38,301,13,15,37.72,CTmax,NA,NA,NOTFED,V2,V2,LAB,22.8,33,11,22,22,variable
11/13/19,13-Nov,7:30:00,lab3,LAB-22,35,168,14,17,37.84,CTmax,NA,NA,NOTFED,MED,22,LAB,22.8,23,21,22,2,static
11/13/19,13-Nov,7:30:00,lab3,LAB-22,37,290,15,9,37.91,CTmax,NA,NA,NOTFED,MED,22,LAB,22.8,23,21,22,2,static
11/13/19,13-Nov,7:30:00,lab3,LAB-22,32,148,16,9,37.93,CTmax,NA,NA,NOTFED,MED,22,LAB,22.8,23,21,22,2,static
11/13/19,13-Nov,7:30:00,lab3,LAB-V2,39,278,17,7,38.05,CTmax,NA,NA,NOTFED,V2,V2,LAB,22.8,33,11,22,22,variable
11/13/19,13-Nov,7:30:00,lab3,LAB-V2,42,411,18,7,38.06,CTmax,NA,NA,NOTFED,V2,V2,LAB,22.8,33,11,22,22,variable
11/13/19,13-Nov,7:30:00,lab3,LAB-V2,32,173,19,12,38.2,CTmax,NA,NA,NOTFED,V2,V2,LAB,22.8,33,11,22,22,variable
11/13/19,13-Nov,7:30:00,lab3,LAB-V2,41,340,20,7,38.26,CTmax,NA,NA,NOTFED,V2,V2,LAB,22.8,33,11,22,22,variable
11/13/19,13-Nov,7:30:00,lab3,LAB-22,38,247,21,9,38.27,CTmax,NA,NA,NOTFED,MED,22,LAB,22.8,23,21,22,2,static
11/13/19,13-Nov,7:30:00,lab3,LAB-V2,32,142,22,12,38.32,CTmax,NA,NA,NOTFED,V2,V2,LAB,22.8,33,11,22,22,variable
11/13/19,13-Nov,7:30:00,lab3,LAB-V2,42,386,23,7,38.43,CTmax,NA,NA,NOTFED,V2,V2,LAB,22.8,33,11,22,22,variable
11/13/19,13-Nov,7:30:00,lab3,LAB-V2,32,233,24,15,38.44,CTmax,NA,NA,NOTFED,V2,V2,LAB,22.8,33,11,22,22,variable
11/13/19,13-Nov,7:30:00,lab3,LAB-V2,35,202,25,12,38.5,CTmax,NA,NA,NOTFED,V2,V2,LAB,22.8,33,11,22,22,variable
11/13/19,13-Nov,7:30:00,lab3,LAB-V2,32,174,26,12,38.54,CTmax,NA,NA,NOTFED,V2,V2,LAB,22.8,33,11,22,22,variable
11/13/19,13-Nov,7:30:00,lab3,LAB-22,32,170,27,5,38.59,CTmax,NA,NA,NOTFED,MED,22,LAB,22.8,23,21,22,2,static
11/13/19,13-Nov,7:30:00,lab3,LAB-V2,36,217,28,7,38.64,CTmax,NA,NA,NOTFED,V2,V2,LAB,22.8,33,11,22,22,variable
11/13/19,13-Nov,10:15:00,lab4,LAB-12,41,315,1,3,32.15,CTmax,NA,NA,NOTFED,COLD,12,LAB,12.9,13,11,12,2,static
11/13/19,13-Nov,10:15:00,lab4,LAB-12,33,166,2,13,32.17,CTmax,NA,NA,NOTFED,COLD,12,LAB,12.9,13,11,12,2,static
11/13/19,13-Nov,10:15:00,lab4,LAB-12,35,225,3,3,32.89,CTmax,NA,NA,NOTFED,COLD,12,LAB,12.9,13,11,12,2,static
11/13/19,13-Nov,10:15:00,lab4,LAB-12,31,171,4,3,33.08,CTmax,NA,NA,NOTFED,COLD,12,LAB,12.9,13,11,12,2,static
11/13/19,13-Nov,10:15:00,lab4,LAB-12,36,199,5,8,33.42,CTmax,NA,NA,NOTFED,COLD,12,LAB,12.9,13,11,12,2,static
11/13/19,13-Nov,10:15:00,lab4,LAB-12,39,327,6,3,34.16,CTmax,NA,NA,NOTFED,COLD,12,LAB,12.9,13,11,12,2,static
11/13/19,13-Nov,10:15:00,lab4,LAB-12,39,344,7,13,34.14,CTmax,NA,NA,NOTFED,COLD,12,LAB,12.9,13,11,12,2,static
11/13/19,13-Nov,10:15:00,lab4,LAB-12,36,251,8,8,34.32,CTmax,NA,NA,NOTFED,COLD,12,LAB,12.9,13,11,12,2,static
11/13/19,13-Nov,10:15:00,lab4,LAB-12,35,193,9,3,34.58,CTmax,NA,NA,NOTFED,COLD,12,LAB,12.9,13,11,12,2,static
11/13/19,13-Nov,10:15:00,lab4,LAB-12,33,206,10,13,34.58,CTmax,NA,NA,NOTFED,COLD,12,LAB,12.9,13,11,12,2,static
11/13/19,13-Nov,10:15:00,lab4,LAB-12,37,212,11,8,34.71,CTmax,NA,NA,NOTFED,COLD,12,LAB,12.9,13,11,12,2,static
11/13/19,13-Nov,10:15:00,lab4,LAB-12,27,122,12,3,34.83,CTmax,NA,NA,NOTFED,COLD,12,LAB,12.9,13,11,12,2,static
11/13/19,13-Nov,10:15:00,lab4,LAB-12,34,200,13,13,34.78,CTmax,NA,NA,NOTFED,COLD,12,LAB,12.9,13,11,12,2,static
11/13/19,13-Nov,10:15:00,lab4,LAB-12,26,61,14,8,34.98,CTmax,NA,NA,NOTFED,COLD,12,LAB,12.9,13,11,12,2,static
11/13/19,13-Nov,10:15:00,lab4,LAB-12,28,156,15,8,35.22,CTmax,NA,NA,NOTFED,COLD,12,LAB,12.9,13,11,12,2,static
11/14/19,14-Nov,7:45:00,lab5,LAB-17,37,217,1,11,33.61,CTmax,NA,NA,NOTFED,LOW,17,LAB,17.7,18,16,17,2,static
11/14/19,14-Nov,7:45:00,lab5,LAB-17,35,201,2,11,34.22,CTmax,NA,NA,NOTFED,LOW,17,LAB,17.7,18,16,17,2,static
11/14/19,14-Nov,7:45:00,lab5,LAB-17,40,311,3,18,34.52,CTmax,NA,NA,NOTFED,LOW,17,LAB,17.7,18,16,17,2,static
11/14/19,14-Nov,7:45:00,lab5,LAB-17,33,172,4,11,34.58,CTmax,NA,NA,NOTFED,LOW,17,LAB,17.7,18,16,17,2,static
11/14/19,14-Nov,7:45:00,lab5,LAB-17,,,5,6,34.64,CTmax,NA,NA,NOTFED,LOW,17,LAB,17.7,18,16,17,2,static
11/14/19,14-Nov,7:45:00,lab5,LAB-17,33,135,6,6,34.75,CTmax,NA,NA,NOTFED,LOW,17,LAB,17.7,18,16,17,2,static
11/14/19,14-Nov,7:45:00,lab5,LAB-17,39,277,7,18,34.84,CTmax,NA,NA,NOTFED,LOW,17,LAB,17.7,18,16,17,2,static
11/14/19,14-Nov,7:45:00,lab5,LAB-17,33,159,8,18,35.3,CTmax,NA,NA,NOTFED,LOW,17,LAB,17.7,18,16,17,2,static
11/14/19,14-Nov,7:45:00,lab5,LAB-17,30,145,9,18,35.41,CTmax,NA,NA,NOTFED,LOW,17,LAB,17.7,18,16,17,2,static
11/14/19,14-Nov,7:45:00,lab5,LAB-17,34,160,10,11,35.52,CTmax,NA,NA,NOTFED,LOW,17,LAB,17.7,18,16,17,2,static
11/14/19,14-Nov,7:45:00,lab5,LAB-17,40,270,11,11,35.62,CTmax,NA,NA,NOTFED,LOW,17,LAB,17.7,18,16,17,2,static
11/14/19,14-Nov,7:45:00,lab5,LAB-17,43,395,12,18,35.72,CTmax,NA,NA,NOTFED,LOW,17,LAB,17.7,18,16,17,2,static
11/14/19,14-Nov,7:45:00,lab5,LAB-17,42,424,13,6,35.87,CTmax,NA,NA,NOTFED,LOW,17,LAB,17.7,18,16,17,2,static
11/14/19,14-Nov,7:45:00,lab5,LAB-17,39,310,14,6,35.87,CTmax,NA,NA,NOTFED,LOW,17,LAB,17.7,18,16,17,2,static
11/14/19,14-Nov,7:45:00,lab5,LAB-17,32,155,15,6,36.01,CTmax,NA,NA,NOTFED,LOW,17,LAB,17.7,18,16,17,2,static
11/14/19,14-Nov,17:00:00,lab6,LAB-17,31,157,1,18,3.23,CTmin,NA,NA,NOTFED,LOW,17,LAB,17.2,18,16,17,2,static
11/14/19,14-Nov,17:00:00,lab6,LAB-17,39,325,2,11,3.13,CTmin,NA,NA,NOTFED,LOW,17,LAB,17.2,18,16,17,2,static
11/14/19,14-Nov,17:00:00,lab6,LAB-17,38,276,3,11,3.07,CTmin,NA,NA,NOTFED,LOW,17,LAB,17.2,18,16,17,2,static
11/14/19,14-Nov,17:00:00,lab6,LAB-17,42,340,4,6,3.11,CTmin,NA,NA,NOTFED,LOW,17,LAB,17.2,18,16,17,2,static
11/14/19,14-Nov,17:00:00,lab6,LAB-17,38,276,5,11,2.91,CTmin,NA,NA,NOTFED,LOW,17,LAB,17.2,18,16,17,2,static
11/14/19,14-Nov,17:00:00,lab6,LAB-17,41,387,6,18,2.84,CTmin,NA,NA,NOTFED,LOW,17,LAB,17.2,18,16,17,2,static
11/14/19,14-Nov,17:00:00,lab6,LAB-17,36,270,7,6,2.82,CTmin,NA,NA,NOTFED,LOW,17,LAB,17.2,18,16,17,2,static
11/14/19,14-Nov,17:00:00,lab6,LAB-17,37,323,8,18,2.91,CTmin,NA,NA,NOTFED,LOW,17,LAB,17.2,18,16,17,2,static
11/14/19,14-Nov,17:00:00,lab6,LAB-17,40,311,9,18,2.81,CTmin,NA,NA,NOTFED,LOW,17,LAB,17.2,18,16,17,2,static
11/14/19,14-Nov,17:00:00,lab6,LAB-17,38,282,10,18,2.84,CTmin,NA,NA,NOTFED,LOW,17,LAB,17.2,18,16,17,2,static
11/14/19,14-Nov,17:00:00,lab6,LAB-17,39,387,11,6,2.79,CTmin,NA,NA,NOTFED,LOW,17,LAB,17.2,18,16,17,2,static
11/14/19,14-Nov,17:00:00,lab6,LAB-17,35,227,12,11,2.72,CTmin,NA,NA,NOTFED,LOW,17,LAB,17.2,18,16,17,2,static
11/14/19,14-Nov,17:00:00,lab6,LAB-17,39,274,13,6,2.75,CTmin,NA,NA,NOTFED,LOW,17,LAB,17.2,18,16,17,2,static
11/14/19,14-Nov,17:00:00,lab6,LAB-17,38,305,14,11,2.75,CTmin,NA,NA,NOTFED,LOW,17,LAB,17.2,18,16,17,2,static
11/14/19,14-Nov,17:00:00,lab6,LAB-17,37,285,15,6,2.81,CTmin,NA,NA,NOTFED,LOW,17,LAB,17.2,18,16,17,2,static
11/25/19,25-Nov,20:00:00,lab7,LAB-V2,36,172,1,15,10.98,CTmin,NA,NA,NOTFED,V2,V2,LAB,21.21,33,11,22,22,variable
11/25/19,25-Nov,20:00:00,lab7,LAB-V2,36,201,2,15,10.15,CTmin,NA,NA,NOTFED,V2,V2,LAB,21.21,33,11,22,22,variable
11/25/19,25-Nov,20:00:00,lab7,LAB-V2,37,235,3,12,9.97,CTmin,NA,NA,NOTFED,V2,V2,LAB,21.21,33,11,22,22,variable
11/25/19,25-Nov,20:00:00,lab7,LAB-V2,33,215,4,15,8.55,CTmin,NA,NA,NOTFED,V2,V2,LAB,21.21,33,11,22,22,variable
11/25/19,25-Nov,20:00:00,lab7,LAB-22,40,310,5,5,6.73,CTmin,NA,NA,NOTFED,MED,22,LAB,21.21,23,21,22,2,static
11/25/19,25-Nov,20:00:00,lab7,LAB-V2,38,262,6,7,5.4,CTmin,NA,NA,NOTFED,V2,V2,LAB,21.21,33,11,22,22,variable
11/25/19,25-Nov,20:00:00,lab7,LAB-22,43,450,7,17,5.35,CTmin,NA,NA,NOTFED,MED,22,LAB,21.21,23,21,22,2,static
11/25/19,25-Nov,20:00:00,lab7,LAB-22,29,126,8,5,5.33,CTmin,NA,NA,NOTFED,MED,22,LAB,21.21,23,21,22,2,static
11/25/19,25-Nov,20:00:00,lab7,LAB-V2,42,342,9,15,5.11,CTmin,NA,NA,NOTFED,V2,V2,LAB,21.21,33,11,22,22,variable
11/25/19,25-Nov,20:00:00,lab7,LAB-V2,36,248,10,7,5.07,CTmin,NA,NA,NOTFED,V2,V2,LAB,21.21,33,11,22,22,variable
11/25/19,25-Nov,20:00:00,lab7,LAB-22,34,221,11,17,5.07,CTmin,NA,NA,NOTFED,MED,22,LAB,21.21,23,21,22,2,static
11/25/19,25-Nov,20:00:00,lab7,LAB-V2,34,194,12,12,4.97,CTmin,NA,NA,NOTFED,V2,V2,LAB,21.21,33,11,22,22,variable
11/25/19,25-Nov,20:00:00,lab7,LAB-22,43,406,13,17,4.91,CTmin,NA,NA,NOTFED,MED,22,LAB,21.21,23,21,22,2,static
11/25/19,25-Nov,20:00:00,lab7,LAB-V2,32,179,14,7,5.05,CTmin,NA,NA,NOTFED,V2,V2,LAB,21.21,33,11,22,22,variable
11/25/19,25-Nov,20:00:00,lab7,LAB-V2,34,153,15,7,5.03,CTmin,NA,NA,NOTFED,V2,V2,LAB,21.21,33,11,22,22,variable
11/25/19,25-Nov,20:00:00,lab7,LAB-V2,28,106,16,12,4.8,CTmin,NA,NA,NOTFED,V2,V2,LAB,21.21,33,11,22,22,variable
11/25/19,25-Nov,20:00:00,lab7,LAB-V2,43,388,17,12,4.8,CTmin,NA,NA,NOTFED,V2,V2,LAB,21.21,33,11,22,22,variable
11/25/19,25-Nov,20:00:00,lab7,LAB-22,42,370,18,17,4.66,CTmin,NA,NA,NOTFED,MED,22,LAB,21.21,23,21,22,2,static
11/25/19,25-Nov,20:00:00,lab7,LAB-V2,40,315,19,12,4.51,CTmin,NA,NA,NOTFED,V2,V2,LAB,21.21,33,11,22,22,variable
11/25/19,25-Nov,20:00:00,lab7,LAB-V2,40,335,20,15,4.39,CTmin,NA,NA,NOTFED,V2,V2,LAB,21.21,33,11,22,22,variable
11/25/19,25-Nov,20:00:00,lab7,LAB-22,32,159,21,9,4.39,CTmin,NA,NA,NOTFED,MED,22,LAB,21.21,23,21,22,2,static
11/25/19,25-Nov,20:00:00,lab7,LAB-22,39,322,22,5,4.15,CTmin,NA,NA,NOTFED,MED,22,LAB,21.21,23,21,22,2,static
11/25/19,25-Nov,20:00:00,lab7,LAB-22,42,364,23,5,4.15,CTmin,NA,NA,NOTFED,MED,22,LAB,21.21,23,21,22,2,static
11/25/19,25-Nov,20:00:00,lab7,LAB-22,39,298,24,9,4.15,CTmin,NA,NA,NOTFED,MED,22,LAB,21.21,23,21,22,2,static
11/25/19,25-Nov,20:00:00,lab7,LAB-22,37,266,25,9,4.13,CTmin,NA,NA,NOTFED,MED,22,LAB,21.21,23,21,22,2,static
11/25/19,25-Nov,20:00:00,lab7,LAB-V2,35,248,26,7,4.07,CTmin,NA,NA,NOTFED,V2,V2,LAB,21.21,33,11,22,22,variable
11/25/19,25-Nov,20:00:00,lab7,LAB-22,36,222,27,9,3.62,CTmin,NA,NA,NOTFED,MED,22,LAB,21.21,23,21,22,2,static
11/25/19,25-Nov,20:00:00,lab7,LAB-22,26,116,29,9,3.59,CTmin,NA,NA,NOTFED,MED,22,LAB,21.21,23,21,22,2,static
11/25/19,25-Nov,20:00:00,lab7,LAB-22,36,222,28,17,3.6,CTmin,NA,NA,NOTFED,MED,22,LAB,21.21,23,21,22,2,static
11/25/19,25-Nov,17:00:00,lab8,LAB-12,27,95,1,13,2.49,CTmin,NA,NA,NOTFED,COLD,12,LAB,21.21,13,11,12,2,static
11/25/19,25-Nov,17:00:00,lab8,LAB-12,30,202,2,8,2.18,CTmin,NA,NA,NOTFED,COLD,12,LAB,12.88,13,11,12,2,static
11/25/19,25-Nov,17:00:00,lab8,LAB-12,36,253,3,3,2.09,CTmin,NA,NA,NOTFED,COLD,12,LAB,12.88,13,11,12,2,static
11/25/19,25-Nov,17:00:00,lab8,LAB-12,34,360,4,8,1.84,CTmin,NA,NA,NOTFED,COLD,12,LAB,12.88,13,11,12,2,static
11/25/19,25-Nov,17:00:00,lab8,LAB-12,37,358,5,3,1.74,CTmin,NA,NA,NOTFED,COLD,12,LAB,12.88,13,11,12,2,static
11/25/19,25-Nov,17:00:00,lab8,LAB-12,32,125,6,3,2.02,CTmin,NA,NA,NOTFED,COLD,12,LAB,12.88,13,11,12,2,static
11/25/19,25-Nov,17:00:00,lab8,LAB-12,33,192,7,8,1.11,CTmin,NA,NA,NOTFED,COLD,12,LAB,12.88,13,11,12,2,static
11/25/19,25-Nov,17:00:00,lab8,LAB-12,40,341,8,8,1.06,CTmin,NA,NA,NOTFED,COLD,12,LAB,12.88,13,11,12,2,static
11/25/19,25-Nov,17:00:00,lab8,LAB-12,38,295,9,3,0.99,CTmin,NA,NA,NOTFED,COLD,12,LAB,12.88,13,11,12,2,static
11/25/19,25-Nov,17:00:00,lab8,LAB-12,39,333,10,13,1.46,CTmin,NA,NA,NOTFED,COLD,12,LAB,12.88,13,11,12,2,static
11/25/19,25-Nov,17:00:00,lab8,LAB-12,37,309,11,13,1.44,CTmin,NA,NA,NOTFED,COLD,12,LAB,12.88,13,11,12,2,static
11/25/19,25-Nov,17:00:00,lab8,LAB-12,38,265,12,13,0.41,CTmin,NA,NA,NOTFED,COLD,12,LAB,12.88,13,11,12,2,static
11/25/19,25-Nov,17:00:00,lab8,LAB-12,46,396,13,13,0.29,CTmin,NA,NA,NOTFED,COLD,12,LAB,12.88,13,11,12,2,static
11/25/19,25-Nov,17:00:00,lab8,LAB-12,40,380,14,3,0.28,CTmin,NA,NA,NOTFED,COLD,12,LAB,12.88,13,11,12,2,static
11/25/19,25-Nov,17:00:00,lab8,LAB-12,34,228,15,8,0.52,CTmin,NA,NA,NOTFED,COLD,12,LAB,12.88,13,11,12,2,static
11/29/19,29-Nov,15:00:00,lab9,LAB-12,38,336,1,13,3.37,CTmin,NA,NA,NOTFED,COLD,12,LAB,12.6,13,11,12,2,static
11/29/19,29-Nov,15:00:00,lab9,LAB-12,32,146,2,8,2.46,CTmin,NA,NA,NOTFED,COLD,12,LAB,12.6,13,11,12,2,static
11/29/19,29-Nov,15:00:00,lab9,LAB-12,37,267,3,13,2.43,CTmin,NA,NA,NOTFED,COLD,12,LAB,12.6,13,11,12,2,static
11/29/19,29-Nov,15:00:00,lab9,LAB-12,38,238,4,13,2.35,CTmin,NA,NA,NOTFED,COLD,12,LAB,12.6,13,11,12,2,static
11/29/19,29-Nov,15:00:00,lab9,LAB-12,36,191,5,8,1.96,CTmin,NA,NA,NOTFED,COLD,12,LAB,12.6,13,11,12,2,static
11/29/19,29-Nov,15:00:00,lab9,LAB-12,32,131,6,13,1.93,CTmin,NA,NA,NOTFED,COLD,12,LAB,12.6,13,11,12,2,static
11/29/19,29-Nov,15:00:00,lab9,LAB-12,31,133,7,13,1.46,CTmin,NA,NA,NOTFED,COLD,12,LAB,12.6,13,11,12,2,static
11/29/19,29-Nov,15:00:00,lab9,LAB-12,38,314,8,13,1.63,CTmin,NA,NA,NOTFED,COLD,12,LAB,12.6,13,11,12,2,static
11/29/19,29-Nov,15:00:00,lab9,LAB-12,36,246,9,13,1.6,CTmin,NA,NA,NOTFED,COLD,12,LAB,12.6,13,11,12,2,static
11/29/19,29-Nov,15:00:00,lab9,LAB-12,37,214,10,13,1.6,CTmin,NA,NA,NOTFED,COLD,12,LAB,12.6,13,11,12,2,static
11/29/19,29-Nov,15:00:00,lab9,LAB-12,37,227,11,13,1.44,CTmin,NA,NA,NOTFED,COLD,12,LAB,12.6,13,11,12,2,static
11/29/19,29-Nov,15:00:00,lab9,LAB-12,26,79,13,13,1.48,CTmin,NA,NA,NOTFED,COLD,12,LAB,12.6,13,11,12,2,static
11/29/19,29-Nov,15:00:00,lab9,LAB-12,37,274,14,8,1.34,CTmin,NA,NA,NOTFED,COLD,12,LAB,12.6,13,11,12,2,static
11/29/19,29-Nov,15:00:00,lab9,LAB-12,37,287,15,13,1.26,CTmin,NA,NA,NOTFED,COLD,12,LAB,12.6,13,11,12,2,static
11/29/19,29-Nov,15:00:00,lab9,LAB-12,38,284,16,3,1.15,CTmin,NA,NA,NOTFED,COLD,12,LAB,12.6,13,11,12,2,static
11/29/19,29-Nov,15:00:00,lab9,LAB-12,35,200,17,13,1.16,CTmin,NA,NA,NOTFED,COLD,12,LAB,12.6,13,11,12,2,static
11/29/19,29-Nov,15:00:00,lab9,LAB-12,30,127,18,3,1.09,CTmin,NA,NA,NOTFED,COLD,12,LAB,12.6,13,11,12,2,static
11/29/19,29-Nov,15:00:00,lab9,LAB-12,37,251,19,13,1.1,CTmin,NA,NA,NOTFED,COLD,12,LAB,12.6,13,11,12,2,static
11/29/19,29-Nov,15:00:00,lab9,LAB-12,39,288,20,3,0.92,CTmin,NA,NA,NOTFED,COLD,12,LAB,12.6,13,11,12,2,static
11/13/19,13-Nov,16:30:00,lab10,LAB-12,38,357,1,8,2.08,CTmin,NA,NA,FED,COLD,12,LAB,12.5,13,11,12,2,static
11/13/19,13-Nov,16:30:00,lab10,LAB-12,36,264,2,8,1.68,CTmin,NA,NA,FED,COLD,12,LAB,12.5,13,11,12,2,static
11/13/19,13-Nov,16:30:00,lab10,LAB-12,40,379,3,3,1.93,CTmin,NA,NA,FED,COLD,12,LAB,12.5,13,11,12,2,static
11/13/19,13-Nov,16:30:00,lab10,LAB-12,41,349,4,3,1.92,CTmin,NA,NA,FED,COLD,12,LAB,12.5,13,11,12,2,static
11/13/19,13-Nov,16:30:00,lab10,LAB-12,37,260,5,13,1.9,CTmin,NA,NA,FED,COLD,12,LAB,12.5,13,11,12,2,static
11/13/19,13-Nov,16:30:00,lab10,LAB-12,32,185,6,3,1.98,CTmin,NA,NA,FED,COLD,12,LAB,12.5,13,11,12,2,static
11/13/19,13-Nov,16:30:00,lab10,LAB-12,33,182,7,13,1.87,CTmin,NA,NA,FED,COLD,12,LAB,12.5,13,11,12,2,static
11/13/19,13-Nov,16:30:00,lab10,LAB-12,30,147,8,13,1.87,CTmin,NA,NA,FED,COLD,12,LAB,12.5,13,11,12,2,static
11/13/19,13-Nov,16:30:00,lab10,LAB-12,29,170,9,13,1.82,CTmin,NA,NA,FED,COLD,12,LAB,12.5,13,11,12,2,static
11/13/19,13-Nov,16:30:00,lab10,LAB-12,33,243,10,8,1.91,CTmin,NA,NA,FED,COLD,12,LAB,12.5,13,11,12,2,static
11/13/19,13-Nov,16:30:00,lab10,LAB-12,37,276,11,3,1.84,CTmin,NA,NA,FED,COLD,12,LAB,12.5,13,11,12,2,static
11/13/19,13-Nov,16:30:00,lab10,LAB-12,43,415,12,8,1.81,CTmin,NA,NA,FED,COLD,12,LAB,12.5,13,11,12,2,static
11/13/19,13-Nov,16:30:00,lab10,LAB-12,39,334,13,8,1.69,CTmin,NA,NA,FED,COLD,12,LAB,12.5,13,11,12,2,static
11/13/19,13-Nov,16:30:00,lab10,LAB-12,35,228,14,3,1.99,CTmin,NA,NA,FED,COLD,12,LAB,12.5,13,11,12,2,static
11/13/19,13-Nov,16:30:00,lab10,LAB-12,32,152,15,13,1.93,CTmin,NA,NA,FED,COLD,12,LAB,12.5,13,11,12,2,static
11/13/19,13-Nov,17:00:00,lab11,LAB-22,41,340,1,17,8.43,CTmin,NA,NA,FED,MED,22,LAB,21,23,21,22,2,static
11/13/19,13-Nov,17:00:00,lab11,LAB-V2,35,222,2,7,8.32,CTmin,NA,NA,FED,V2,V2,LAB,21,33,11,22,22,variable
11/13/19,13-Nov,17:00:00,lab11,LAB-V2,37,256,3,7,6.52,CTmin,NA,NA,FED,V2,V2,LAB,21,33,11,22,22,variable
11/13/19,13-Nov,17:00:00,lab11,LAB-V2,40,324,4,15,5.98,CTmin,NA,NA,FED,V2,V2,LAB,21,33,11,22,22,variable
11/13/19,13-Nov,17:00:00,lab11,LAB-V2,33,195,5,12,5.8,CTmin,NA,NA,FED,V2,V2,LAB,21,33,11,22,22,variable
11/13/19,13-Nov,17:00:00,lab11,LAB-22,37,235,6,9,5.75,CTmin,NA,NA,FED,MED,22,LAB,21,23,21,22,2,static
11/13/19,13-Nov,17:00:00,lab11,LAB-22,28,115,7,17,5.73,CTmin,NA,NA,FED,MED,22,LAB,21,23,21,22,2,static
11/13/19,13-Nov,17:00:00,lab11,LAB-V2,38,261,8,15,5.47,CTmin,NA,NA,FED,V2,V2,LAB,21,33,11,22,22,variable
11/13/19,13-Nov,17:00:00,lab11,LAB-V2,37,386,9,15,5.08,CTmin,NA,NA,FED,V2,V2,LAB,21,33,11,22,22,variable
11/13/19,13-Nov,17:00:00,lab11,LAB-V2,32,226,10,15,5.08,CTmin,NA,NA,FED,V2,V2,LAB,21,33,11,22,22,variable
11/13/19,13-Nov,17:00:00,lab11,LAB-V2,40,357,11,12,4.95,CTmin,NA,NA,FED,V2,V2,LAB,21,33,11,22,22,variable
11/13/19,13-Nov,17:00:00,lab11,LAB-V2,31,195,12,12,4.74,CTmin,NA,NA,FED,V2,V2,LAB,21,33,11,22,22,variable
11/13/19,13-Nov,17:00:00,lab11,LAB-22,37,255,13,9,4.59,CTmin,NA,NA,FED,MED,22,LAB,21,23,21,22,2,static
11/13/19,13-Nov,17:00:00,lab11,LAB-22,38,275,14,9,4.59,CTmin,NA,NA,FED,MED,22,LAB,21,23,21,22,2,static
11/13/19,13-Nov,17:00:00,lab11,LAB-22,43,427,15,9,4.58,CTmin,NA,NA,FED,MED,22,LAB,21,23,21,22,2,static
11/13/19,13-Nov,17:00:00,lab11,LAB-22,44,492,16,17,4.73,CTmin,NA,NA,FED,MED,22,LAB,21,23,21,22,2,static
11/13/19,13-Nov,17:00:00,lab11,LAB-V2,36,231,17,15,4.72,CTmin,NA,NA,FED,V2,V2,LAB,21,33,11,22,22,variable
11/13/19,13-Nov,17:00:00,lab11,LAB-22,35,250,18,17,4.54,CTmin,NA,NA,FED,MED,22,LAB,21,23,21,22,2,static
11/13/19,13-Nov,17:00:00,lab11,LAB-V2,41,368,19,12,4.47,CTmin,NA,NA,FED,V2,V2,LAB,21,33,11,22,22,variable
11/13/19,13-Nov,17:00:00,lab11,LAB-V2,38,259,20,7,4.47,CTmin,NA,NA,FED,V2,V2,LAB,21,33,11,22,22,variable
11/13/19,13-Nov,17:00:00,lab11,LAB-V2,41,354,21,7,4.41,CTmin,NA,NA,FED,V2,V2,LAB,21,33,11,22,22,variable
11/13/19,13-Nov,17:00:00,lab11,LAB-22,36,411,22,5,4.42,CTmin,NA,NA,FED,MED,22,LAB,21,23,21,22,2,static
11/13/19,13-Nov,17:00:00,lab11,LAB-22,43,450,23,5,4.31,CTmin,NA,NA,FED,MED,22,LAB,21,23,21,22,2,static
11/13/19,13-Nov,17:00:00,lab11,LAB-V2,36,196,24,7,4.22,CTmin,NA,NA,FED,V2,V2,LAB,21,33,11,22,22,variable
11/13/19,13-Nov,17:00:00,lab11,LAB-V2,35,173,25,12,4.21,CTmin,NA,NA,FED,V2,V2,LAB,21,33,11,22,22,variable
11/13/19,13-Nov,17:00:00,lab11,LAB-22,40,336,26,5,4.08,CTmin,NA,NA,FED,MED,22,LAB,21,23,21,22,2,static
11/13/19,13-Nov,17:00:00,lab11,LAB-22,35,224,27,17,4.04,CTmin,NA,NA,FED,MED,22,LAB,21,23,21,22,2,static
11/13/19,13-Nov,17:00:00,lab11,LAB-22,35,210,28,5,4.1,CTmin,NA,NA,FED,MED,22,LAB,21,23,21,22,2,static
11/13/19,13-Nov,17:00:00,lab11,LAB-22,33,255,29,5,4.07,CTmin,NA,NA,FED,MED,22,LAB,21,23,21,22,2,static
11/13/19,13-Nov,17:00:00,lab11,LAB-22,30,115,30,9,4.06,CTmin,NA,NA,FED,MED,22,LAB,21,23,21,22,2,static
7/5/21,5-Jul,15:30:00,field1,FIELD-44382,30,252,1,NA,8,CTmin,Incoming,High-high,NA,NA,FIELD,FIELD,29.2,NA,NA,NA,NA,variable
7/5/21,5-Jul,15:30:00,field1,FIELD-44382,22,131,2,NA,7.8,CTmin,Incoming,High-high,NA,NA,FIELD,FIELD,29.2,NA,NA,NA,NA,variable
7/5/21,5-Jul,15:30:00,field1,FIELD-44382,20,76,3,NA,7.8,CTmin,Incoming,High-high,NA,NA,FIELD,FIELD,29.2,NA,NA,NA,NA,variable
7/5/21,5-Jul,15:30:00,field1,FIELD-44382,24,139,5,NA,7.8,CTmin,Incoming,High-high,NA,NA,FIELD,FIELD,29.2,NA,NA,NA,NA,variable
7/5/21,5-Jul,15:30:00,field1,FIELD-44382,24,128,6,NA,7.9,CTmin,Incoming,High-high,NA,NA,FIELD,FIELD,29.2,NA,NA,NA,NA,variable
7/5/21,5-Jul,15:30:00,field1,FIELD-44382,24,137,7,NA,7.9,CTmin,Incoming,High-high,NA,NA,FIELD,FIELD,29.2,NA,NA,NA,NA,variable
7/5/21,5-Jul,15:30:00,field1,FIELD-44382,24,133,9,NA,7.8,CTmin,Incoming,High-high,NA,NA,FIELD,FIELD,29.2,NA,NA,NA,NA,variable
7/5/21,5-Jul,15:30:00,field1,FIELD-44382,20,68,10,NA,7.8,CTmin,Incoming,High-high,NA,NA,FIELD,FIELD,29.2,NA,NA,NA,NA,variable
7/5/21,5-Jul,15:30:00,field1,FIELD-44382,24,150,11,NA,7.7,CTmin,Incoming,High-high,NA,NA,FIELD,FIELD,29.2,NA,NA,NA,NA,variable
7/5/21,5-Jul,15:30:00,field1,FIELD-44382,25,143,12,NA,7.7,CTmin,Incoming,High-high,NA,NA,FIELD,FIELD,29.2,NA,NA,NA,NA,variable
7/5/21,5-Jul,15:30:00,field1,FIELD-44382,25,159,13,NA,7.7,CTmin,Incoming,High-high,NA,NA,FIELD,FIELD,29.2,NA,NA,NA,NA,variable
7/5/21,5-Jul,15:30:00,field1,FIELD-44382,25,159,14,NA,7.6,CTmin,Incoming,High-high,NA,NA,FIELD,FIELD,29.2,NA,NA,NA,NA,variable
7/5/21,5-Jul,15:30:00,field1,FIELD-44382,28,249,19,NA,7.3,CTmin,Incoming,High-high,NA,NA,FIELD,FIELD,29.2,NA,NA,NA,NA,variable
7/5/21,5-Jul,15:30:00,field1,FIELD-44382,26,188,20,NA,7.3,CTmin,Incoming,High-high,NA,NA,FIELD,FIELD,29.2,NA,NA,NA,NA,variable
7/5/21,5-Jul,18:00:00,field2,FIELD-44382,28,185,1,NA,39.4,CTmax,Incoming,High-high,NA,NA,FIELD,FIELD,22.4,NA,NA,NA,NA,variable
7/5/21,5-Jul,18:00:00,field2,FIELD-44382,24,169,2,NA,39.4,CTmax,Incoming,High-high,NA,NA,FIELD,FIELD,22.4,NA,NA,NA,NA,variable
7/5/21,5-Jul,18:00:00,field2,FIELD-44382,32,391,3,NA,39.6,CTmax,Incoming,High-high,NA,NA,FIELD,FIELD,22.4,NA,NA,NA,NA,variable
7/5/21,5-Jul,18:00:00,field2,FIELD-44382,24,136,4,NA,39.5,CTmax,Incoming,High-high,NA,NA,FIELD,FIELD,22.4,NA,NA,NA,NA,variable
7/5/21,5-Jul,18:00:00,field2,FIELD-44382,28,236,5,NA,39.5,CTmax,Incoming,High-high,NA,NA,FIELD,FIELD,22.4,NA,NA,NA,NA,variable
7/5/21,5-Jul,18:00:00,field2,FIELD-44382,26,211,6,NA,39.5,CTmax,Incoming,High-high,NA,NA,FIELD,FIELD,22.4,NA,NA,NA,NA,variable
7/5/21,5-Jul,18:00:00,field2,FIELD-44382,30,232,7,NA,39.7,CTmax,Incoming,High-high,NA,NA,FIELD,FIELD,22.4,NA,NA,NA,NA,variable
7/5/21,5-Jul,18:00:00,field2,FIELD-44382,26,218,8,NA,39.7,CTmax,Incoming,High-high,NA,NA,FIELD,FIELD,22.4,NA,NA,NA,NA,variable
7/5/21,5-Jul,18:00:00,field2,FIELD-44382,24,149,9,NA,39.8,CTmax,Incoming,High-high,NA,NA,FIELD,FIELD,22.4,NA,NA,NA,NA,variable
7/5/21,5-Jul,18:00:00,field2,FIELD-44382,28,226,10,NA,39.8,CTmax,Incoming,High-high,NA,NA,FIELD,FIELD,22.4,NA,NA,NA,NA,variable
7/5/21,5-Jul,18:00:00,field2,FIELD-44382,26,182,11,NA,39.8,CTmax,Incoming,High-high,NA,NA,FIELD,FIELD,22.4,NA,NA,NA,NA,variable
7/5/21,5-Jul,18:00:00,field2,FIELD-44382,31,298,12,NA,39.8,CTmax,Incoming,High-high,NA,NA,FIELD,FIELD,22.4,NA,NA,NA,NA,variable
7/5/21,5-Jul,18:00:00,field2,FIELD-44382,25,166,13,NA,39.8,CTmax,Incoming,High-high,NA,NA,FIELD,FIELD,22.4,NA,NA,NA,NA,variable
7/5/21,5-Jul,18:00:00,field2,FIELD-44382,23,115,14,NA,39.8,CTmax,Incoming,High-high,NA,NA,FIELD,FIELD,22.4,NA,NA,NA,NA,variable
7/5/21,5-Jul,18:00:00,field2,FIELD-44382,32,290,15,NA,39.8,CTmax,Incoming,High-high,NA,NA,FIELD,FIELD,22.4,NA,NA,NA,NA,variable
7/5/21,5-Jul,18:00:00,field2,FIELD-44382,25,190,16,NA,39.8,CTmax,Incoming,High-high,NA,NA,FIELD,FIELD,22.4,NA,NA,NA,NA,variable
7/5/21,5-Jul,18:00:00,field2,FIELD-44382,26,196,17,NA,39.8,CTmax,Incoming,High-high,NA,NA,FIELD,FIELD,22.4,NA,NA,NA,NA,variable
7/5/21,5-Jul,18:00:00,field2,FIELD-44382,24,143,18,NA,39.8,CTmax,Incoming,High-high,NA,NA,FIELD,FIELD,22.4,NA,NA,NA,NA,variable
7/5/21,5-Jul,18:00:00,field2,FIELD-44382,20,100,19,NA,39.8,CTmax,Incoming,High-high,NA,NA,FIELD,FIELD,22.4,NA,NA,NA,NA,variable
7/5/21,5-Jul,18:00:00,field2,FIELD-44382,25,178,20,NA,39.8,CTmax,Incoming,High-high,NA,NA,FIELD,FIELD,22.4,NA,NA,NA,NA,variable
7/5/21,5-Jul,18:00:00,field2,FIELD-44382,24,140,21,NA,39.8,CTmax,Incoming,High-high,NA,NA,FIELD,FIELD,22.4,NA,NA,NA,NA,variable
7/5/21,5-Jul,18:00:00,field2,FIELD-44382,21,96,22,NA,39.8,CTmax,Incoming,High-high,NA,NA,FIELD,FIELD,22.4,NA,NA,NA,NA,variable
7/5/21,5-Jul,18:00:00,field2,FIELD-44382,23,163,23,NA,39.8,CTmax,Incoming,High-high,NA,NA,FIELD,FIELD,22.4,NA,NA,NA,NA,variable
7/9/21,9-Jul,13:30:00,field3,FIELD-44386,20,53,1,NA,16.5,CTmin,Outgoing,Medium,NA,NA,FIELD,FIELD,32.2,NA,NA,NA,NA,variable
7/9/21,9-Jul,13:30:00,field3,FIELD-44386,16,35,2,NA,10.4,CTmin,Outgoing,Medium,NA,NA,FIELD,FIELD,32.2,NA,NA,NA,NA,variable
7/9/21,9-Jul,13:30:00,field3,FIELD-44386,19,65,3,NA,9.5,CTmin,Outgoing,Medium,NA,NA,FIELD,FIELD,32.2,NA,NA,NA,NA,variable
7/9/21,9-Jul,13:30:00,field3,FIELD-44386,18,60,4,NA,9,CTmin,Outgoing,Medium,NA,NA,FIELD,FIELD,32.2,NA,NA,NA,NA,variable
7/9/21,9-Jul,13:30:00,field3,FIELD-44386,18,48,5,NA,8.8,CTmin,Outgoing,Medium,NA,NA,FIELD,FIELD,32.2,NA,NA,NA,NA,variable
7/9/21,9-Jul,13:30:00,field3,FIELD-44386,18,55,6,NA,8.2,CTmin,Outgoing,Medium,NA,NA,FIELD,FIELD,32.2,NA,NA,NA,NA,variable
7/9/21,9-Jul,13:30:00,field3,FIELD-44386,17,44,7,NA,7.8,CTmin,Outgoing,Medium,NA,NA,FIELD,FIELD,32.2,NA,NA,NA,NA,variable
7/9/21,9-Jul,13:30:00,field3,FIELD-44386,23,112,8,NA,7.8,CTmin,Outgoing,Medium,NA,NA,FIELD,FIELD,32.2,NA,NA,NA,NA,variable
7/9/21,9-Jul,13:30:00,field3,FIELD-44386,27,170,9,NA,7.8,CTmin,Outgoing,Medium,NA,NA,FIELD,FIELD,32.2,NA,NA,NA,NA,variable
7/9/21,9-Jul,13:30:00,field3,FIELD-44386,20,67,10,NA,7.8,CTmin,Outgoing,Medium,NA,NA,FIELD,FIELD,32.2,NA,NA,NA,NA,variable
7/9/21,9-Jul,13:30:00,field3,FIELD-44386,20,76,11,NA,7.8,CTmin,Outgoing,Medium,NA,NA,FIELD,FIELD,32.2,NA,NA,NA,NA,variable
7/9/21,9-Jul,13:30:00,field3,FIELD-44386,24,134,12,NA,7.8,CTmin,Outgoing,Medium,NA,NA,FIELD,FIELD,32.2,NA,NA,NA,NA,variable
7/9/21,9-Jul,13:30:00,field3,FIELD-44386,21,90,13,NA,7.7,CTmin,Outgoing,Medium,NA,NA,FIELD,FIELD,32.2,NA,NA,NA,NA,variable
7/9/21,9-Jul,13:30:00,field3,FIELD-44386,20,81,14,NA,7.7,CTmin,Outgoing,Medium,NA,NA,FIELD,FIELD,32.2,NA,NA,NA,NA,variable
7/9/21,9-Jul,13:30:00,field3,FIELD-44386,22,93,15,NA,7.6,CTmin,Outgoing,Medium,NA,NA,FIELD,FIELD,32.2,NA,NA,NA,NA,variable
7/9/21,9-Jul,13:30:00,field3,FIELD-44386,19,80,16,NA,7.5,CTmin,Outgoing,Medium,NA,NA,FIELD,FIELD,32.2,NA,NA,NA,NA,variable
7/9/21,9-Jul,13:30:00,field3,FIELD-44386,22,93,17,NA,7.5,CTmin,Outgoing,Medium,NA,NA,FIELD,FIELD,32.2,NA,NA,NA,NA,variable
7/9/21,9-Jul,13:30:00,field3,FIELD-44386,18,50,18,NA,7.5,CTmin,Outgoing,Medium,NA,NA,FIELD,FIELD,32.2,NA,NA,NA,NA,variable
7/9/21,9-Jul,13:30:00,field3,FIELD-44386,19,64,19,NA,7.4,CTmin,Outgoing,Medium,NA,NA,FIELD,FIELD,32.2,NA,NA,NA,NA,variable
7/9/21,9-Jul,13:30:00,field3,FIELD-44386,22,122,20,NA,7,CTmin,Outgoing,Medium,NA,NA,FIELD,FIELD,32.2,NA,NA,NA,NA,variable
7/9/21,9-Jul,13:30:00,field3,FIELD-44386,25,136,21,NA,7,CTmin,Outgoing,Medium,NA,NA,FIELD,FIELD,32.2,NA,NA,NA,NA,variable
7/9/21,9-Jul,13:30:00,field3,FIELD-44386,28,222,22,NA,7,CTmin,Outgoing,Medium,NA,NA,FIELD,FIELD,32.2,NA,NA,NA,NA,variable
7/9/21,9-Jul,13:30:00,field3,FIELD-44386,29,259,23,NA,7,CTmin,Outgoing,Medium,NA,NA,FIELD,FIELD,32.2,NA,NA,NA,NA,variable
7/9/21,9-Jul,15:30:00,field4,FIELD-44386,19,47,1,NA,33.6,CTmax,Outgoing,Medium,NA,NA,FIELD,FIELD,29.4,NA,NA,NA,NA,variable
7/9/21,9-Jul,15:30:00,field4,FIELD-44386,17,41,2,NA,33.8,CTmax,Outgoing,Medium,NA,NA,FIELD,FIELD,29.4,NA,NA,NA,NA,variable
7/9/21,9-Jul,15:30:00,field4,FIELD-44386,15,34,3,NA,34.3,CTmax,Outgoing,Medium,NA,NA,FIELD,FIELD,29.4,NA,NA,NA,NA,variable
7/9/21,9-Jul,15:30:00,field4,FIELD-44386,16,41,4,NA,24.9,CTmax,Outgoing,Medium,NA,NA,FIELD,FIELD,29.4,NA,NA,NA,NA,variable
7/9/21,9-Jul,15:30:00,field4,FIELD-44386,17,42,5,NA,35.5,CTmax,Outgoing,Medium,NA,NA,FIELD,FIELD,29.4,NA,NA,NA,NA,variable
7/9/21,9-Jul,15:30:00,field4,FIELD-44386,19,78,6,NA,35.8,CTmax,Outgoing,Medium,NA,NA,FIELD,FIELD,29.4,NA,NA,NA,NA,variable
7/9/21,9-Jul,15:30:00,field4,FIELD-44386,16,46,7,NA,36.6,CTmax,Outgoing,Medium,NA,NA,FIELD,FIELD,29.4,NA,NA,NA,NA,variable
7/9/21,9-Jul,15:30:00,field4,FIELD-44386,26,143,8,NA,36.8,CTmax,Outgoing,Medium,NA,NA,FIELD,FIELD,29.4,NA,NA,NA,NA,variable
7/9/21,9-Jul,15:30:00,field4,FIELD-44386,29,212,9,NA,37.3,CTmax,Outgoing,Medium,NA,NA,FIELD,FIELD,29.4,NA,NA,NA,NA,variable
7/9/21,9-Jul,15:30:00,field4,FIELD-44386,25,139,10,NA,37.5,CTmax,Outgoing,Medium,NA,NA,FIELD,FIELD,29.4,NA,NA,NA,NA,variable
7/9/21,9-Jul,15:30:00,field4,FIELD-44386,22,102,11,NA,37.6,CTmax,Outgoing,Medium,NA,NA,FIELD,FIELD,29.4,NA,NA,NA,NA,variable
7/9/21,9-Jul,15:30:00,field4,FIELD-44386,22,105,12,NA,37.7,CTmax,Outgoing,Medium,NA,NA,FIELD,FIELD,29.4,NA,NA,NA,NA,variable
7/9/21,9-Jul,15:30:00,field4,FIELD-44386,18,62,13,NA,37.7,CTmax,Outgoing,Medium,NA,NA,FIELD,FIELD,29.4,NA,NA,NA,NA,variable
7/9/21,9-Jul,15:30:00,field4,FIELD-44386,20,104,14,NA,37.7,CTmax,Outgoing,Medium,NA,NA,FIELD,FIELD,29.4,NA,NA,NA,NA,variable
7/9/21,9-Jul,15:30:00,field4,FIELD-44386,23,151,15,NA,37.7,CTmax,Outgoing,Medium,NA,NA,FIELD,FIELD,29.4,NA,NA,NA,NA,variable
7/9/21,9-Jul,15:30:00,field4,FIELD-44386,19,83,16,NA,37.7,CTmax,Outgoing,Medium,NA,NA,FIELD,FIELD,29.4,NA,NA,NA,NA,variable
7/9/21,9-Jul,15:30:00,field4,FIELD-44386,20,86,17,NA,37.7,CTmax,Outgoing,Medium,NA,NA,FIELD,FIELD,29.4,NA,NA,NA,NA,variable
7/9/21,9-Jul,15:30:00,field4,FIELD-44386,23,106,18,NA,37.7,CTmax,Outgoing,Medium,NA,NA,FIELD,FIELD,29.4,NA,NA,NA,NA,variable
7/11/21,11-Jul,14:45:00,field5,FIELD-44388,26,193,1,NA,38.2,CTmax,Outgoing,Medium,NA,NA,FIELD,FIELD,32.2,NA,NA,NA,NA,variable
7/11/21,11-Jul,14:45:00,field5,FIELD-44388,20,64,2,NA,38.4,CTmax,Outgoing,Medium,NA,NA,FIELD,FIELD,32.2,NA,NA,NA,NA,variable
7/11/21,11-Jul,14:45:00,field5,FIELD-44388,25,145,3,NA,38.7,CTmax,Outgoing,Medium,NA,NA,FIELD,FIELD,32.2,NA,NA,NA,NA,variable
7/11/21,11-Jul,14:45:00,field5,FIELD-44388,21,112,4,NA,38.7,CTmax,Outgoing,Medium,NA,NA,FIELD,FIELD,32.2,NA,NA,NA,NA,variable
7/11/21,11-Jul,14:45:00,field5,FIELD-44388,20,90,5,NA,38.7,CTmax,Outgoing,Medium,NA,NA,FIELD,FIELD,32.2,NA,NA,NA,NA,variable
7/11/21,11-Jul,14:45:00,field5,FIELD-44388,18,234,6,NA,38.7,CTmax,Outgoing,Medium,NA,NA,FIELD,FIELD,32.2,NA,NA,NA,NA,variable
7/11/21,11-Jul,14:45:00,field5,FIELD-44388,18,57,7,NA,39,CTmax,Outgoing,Medium,NA,NA,FIELD,FIELD,32.2,NA,NA,NA,NA,variable
7/11/21,11-Jul,14:45:00,field5,FIELD-44388,22,100,8,NA,39,CTmax,Outgoing,Medium,NA,NA,FIELD,FIELD,32.2,NA,NA,NA,NA,variable
7/11/21,11-Jul,14:45:00,field5,FIELD-44388,18,74,9,NA,39,CTmax,Outgoing,Medium,NA,NA,FIELD,FIELD,32.2,NA,NA,NA,NA,variable
7/11/21,11-Jul,14:45:00,field5,FIELD-44388,18,154,10,NA,39,CTmax,Outgoing,Medium,NA,NA,FIELD,FIELD,32.2,NA,NA,NA,NA,variable
7/11/21,11-Jul,14:45:00,field5,FIELD-44388,22,108,11,NA,39,CTmax,Outgoing,Medium,NA,NA,FIELD,FIELD,32.2,NA,NA,NA,NA,variable
7/11/21,11-Jul,14:45:00,field5,FIELD-44388,18,65,12,NA,39,CTmax,Outgoing,Medium,NA,NA,FIELD,FIELD,32.2,NA,NA,NA,NA,variable
7/11/21,11-Jul,14:45:00,field5,FIELD-44388,21,114,13,NA,39,CTmax,Outgoing,Medium,NA,NA,FIELD,FIELD,32.2,NA,NA,NA,NA,variable
7/11/21,11-Jul,14:45:00,field5,FIELD-44388,16,171,14,NA,39,CTmax,Outgoing,Medium,NA,NA,FIELD,FIELD,32.2,NA,NA,NA,NA,variable
7/11/21,11-Jul,14:45:00,field5,FIELD-44388,20,79,15,NA,39,CTmax,Outgoing,Medium,NA,NA,FIELD,FIELD,32.2,NA,NA,NA,NA,variable
7/11/21,11-Jul,14:45:00,field5,FIELD-44388,26,166,16,NA,39,CTmax,Outgoing,Medium,NA,NA,FIELD,FIELD,32.2,NA,NA,NA,NA,variable
7/11/21,11-Jul,14:45:00,field5,FIELD-44388,16,111,17,NA,39,CTmax,Outgoing,Medium,NA,NA,FIELD,FIELD,32.2,NA,NA,NA,NA,variable
7/11/21,11-Jul,14:45:00,field5,FIELD-44388,22,107,18,NA,39,CTmax,Outgoing,Medium,NA,NA,FIELD,FIELD,32.2,NA,NA,NA,NA,variable
7/11/21,11-Jul,14:45:00,field5,FIELD-44388,17,65,19,NA,39,CTmax,Outgoing,Medium,NA,NA,FIELD,FIELD,32.2,NA,NA,NA,NA,variable
7/11/21,11-Jul,14:45:00,field5,FIELD-44388,22,127,20,NA,39.2,CTmax,Outgoing,Medium,NA,NA,FIELD,FIELD,32.2,NA,NA,NA,NA,variable
7/11/21,11-Jul,14:45:00,field5,FIELD-44388,22,107,21,NA,39.2,CTmax,Outgoing,Medium,NA,NA,FIELD,FIELD,32.2,NA,NA,NA,NA,variable
7/11/21,11-Jul,14:45:00,field5,FIELD-44388,21,100,22,NA,39.2,CTmax,Outgoing,Medium,NA,NA,FIELD,FIELD,32.2,NA,NA,NA,NA,variable
7/11/21,11-Jul,14:45:00,field5,FIELD-44388,18,55,23,NA,39.2,CTmax,Outgoing,Medium,NA,NA,FIELD,FIELD,32.2,NA,NA,NA,NA,variable
7/11/21,11-Jul,14:45:00,field5,FIELD-44388,21,90,24,NA,39.2,CTmax,Outgoing,Medium,NA,NA,FIELD,FIELD,32.2,NA,NA,NA,NA,variable
7/11/21,11-Jul,16:00:00,field6,FIELD-44388,16,43,1,NA,6.9,CTmin,Outgoing,Medium,NA,NA,FIELD,FIELD,30.3,NA,NA,NA,NA,variable
7/11/21,11-Jul,16:00:00,field6,FIELD-44388,14,46,2,NA,6.7,CTmin,Outgoing,Medium,NA,NA,FIELD,FIELD,30.3,NA,NA,NA,NA,variable
7/11/21,11-Jul,16:00:00,field6,FIELD-44388,15,28,3,NA,6.7,CTmin,Outgoing,Medium,NA,NA,FIELD,FIELD,30.3,NA,NA,NA,NA,variable
7/11/21,11-Jul,16:00:00,field6,FIELD-44388,16,44,4,NA,6.5,CTmin,Outgoing,Medium,NA,NA,FIELD,FIELD,30.3,NA,NA,NA,NA,variable
7/11/21,11-Jul,16:00:00,field6,FIELD-44388,16,53,5,NA,6.3,CTmin,Outgoing,Medium,NA,NA,FIELD,FIELD,30.3,NA,NA,NA,NA,variable
7/11/21,11-Jul,16:00:00,field6,FIELD-44388,17,58,6,NA,6.1,CTmin,Outgoing,Medium,NA,NA,FIELD,FIELD,30.3,NA,NA,NA,NA,variable
7/11/21,11-Jul,16:00:00,field6,FIELD-44388,18,55,7,NA,6.1,CTmin,Outgoing,Medium,NA,NA,FIELD,FIELD,30.3,NA,NA,NA,NA,variable
7/11/21,11-Jul,16:00:00,field6,FIELD-44388,19,74,8,NA,6,CTmin,Outgoing,Medium,NA,NA,FIELD,FIELD,30.3,NA,NA,NA,NA,variable
7/11/21,11-Jul,16:00:00,field6,FIELD-44388,16,49,9,NA,5.9,CTmin,Outgoing,Medium,NA,NA,FIELD,FIELD,30.3,NA,NA,NA,NA,variable
7/11/21,11-Jul,16:00:00,field6,FIELD-44388,26,155,10,NA,5.8,CTmin,Outgoing,Medium,NA,NA,FIELD,FIELD,30.3,NA,NA,NA,NA,variable
7/11/21,11-Jul,16:00:00,field6,FIELD-44388,19,74,11,NA,5.6,CTmin,Outgoing,Medium,NA,NA,FIELD,FIELD,30.3,NA,NA,NA,NA,variable
7/11/21,11-Jul,16:00:00,field6,FIELD-44388,18,60,12,NA,5.6,CTmin,Outgoing,Medium,NA,NA,FIELD,FIELD,30.3,NA,NA,NA,NA,variable
7/11/21,11-Jul,16:00:00,field6,FIELD-44388,17,50,13,NA,5.6,CTmin,Outgoing,Medium,NA,NA,FIELD,FIELD,30.3,NA,NA,NA,NA,variable
7/11/21,11-Jul,16:00:00,field6,FIELD-44388,18,64,14,NA,5.6,CTmin,Outgoing,Medium,NA,NA,FIELD,FIELD,30.3,NA,NA,NA,NA,variable
7/11/21,11-Jul,16:00:00,field6,FIELD-44388,18,59,15,NA,5.5,CTmin,Outgoing,Medium,NA,NA,FIELD,FIELD,30.3,NA,NA,NA,NA,variable
7/11/21,11-Jul,16:00:00,field6,FIELD-44388,20,84,16,NA,5.4,CTmin,Outgoing,Medium,NA,NA,FIELD,FIELD,30.3,NA,NA,NA,NA,variable
7/11/21,11-Jul,16:00:00,field6,FIELD-44388,22,122,17,NA,5.3,CTmin,Outgoing,Medium,NA,NA,FIELD,FIELD,30.3,NA,NA,NA,NA,variable
7/11/21,11-Jul,16:00:00,field6,FIELD-44388,19,73,18,NA,5.2,CTmin,Outgoing,Medium,NA,NA,FIELD,FIELD,30.3,NA,NA,NA,NA,variable
7/11/21,11-Jul,16:00:00,field6,FIELD-44388,26,184,19,NA,5.1,CTmin,Outgoing,Medium,NA,NA,FIELD,FIELD,30.3,NA,NA,NA,NA,variable
7/11/21,11-Jul,16:00:00,field6,FIELD-44388,25,179,20,NA,5,CTmin,Outgoing,Medium,NA,NA,FIELD,FIELD,30.3,NA,NA,NA,NA,variable
7/11/21,11-Jul,16:00:00,field6,FIELD-44388,17,53,21,NA,5,CTmin,Outgoing,Medium,NA,NA,FIELD,FIELD,30.3,NA,NA,NA,NA,variable
7/11/21,11-Jul,16:00:00,field6,FIELD-44388,28,245,22,NA,4.9,CTmin,Outgoing,Medium,NA,NA,FIELD,FIELD,30.3,NA,NA,NA,NA,variable
7/14/21,14-Jul,9:00:00,field7,FIELD-44391,27,203,1,NA,37.9,CTmax,Incoming,Low-low,NA,NA,FIELD,FIELD,19.5,NA,NA,NA,NA,variable
7/14/21,14-Jul,9:00:00,field7,FIELD-44391,23,139,2,NA,38.4,CTmax,Incoming,Low-low,NA,NA,FIELD,FIELD,19.5,NA,NA,NA,NA,variable
7/14/21,14-Jul,9:00:00,field7,FIELD-44391,24,135,3,NA,38.5,CTmax,Incoming,Low-low,NA,NA,FIELD,FIELD,19.5,NA,NA,NA,NA,variable
7/14/21,14-Jul,9:00:00,field7,FIELD-44391,30,245,4,NA,38.5,CTmax,Incoming,Low-low,NA,NA,FIELD,FIELD,19.5,NA,NA,NA,NA,variable
7/14/21,14-Jul,9:00:00,field7,FIELD-44391,18,61,5,NA,38.7,CTmax,Incoming,Low-low,NA,NA,FIELD,FIELD,19.5,NA,NA,NA,NA,variable
7/14/21,14-Jul,9:00:00,field7,FIELD-44391,19,86,6,NA,38.7,CTmax,Incoming,Low-low,NA,NA,FIELD,FIELD,19.5,NA,NA,NA,NA,variable
7/14/21,14-Jul,9:00:00,field7,FIELD-44391,20,110,7,NA,38.8,CTmax,Incoming,Low-low,NA,NA,FIELD,FIELD,19.5,NA,NA,NA,NA,variable
7/14/21,14-Jul,9:00:00,field7,FIELD-44391,19,75,8,NA,38.8,CTmax,Incoming,Low-low,NA,NA,FIELD,FIELD,19.5,NA,NA,NA,NA,variable
7/14/21,14-Jul,9:00:00,field7,FIELD-44391,21,99,9,NA,38.8,CTmax,Incoming,Low-low,NA,NA,FIELD,FIELD,19.5,NA,NA,NA,NA,variable
7/14/21,14-Jul,9:00:00,field7,FIELD-44391,21,97,10,NA,38.8,CTmax,Incoming,Low-low,NA,NA,FIELD,FIELD,19.5,NA,NA,NA,NA,variable
7/14/21,14-Jul,9:00:00,field7,FIELD-44391,27,208,11,NA,38.8,CTmax,Incoming,Low-low,NA,NA,FIELD,FIELD,19.5,NA,NA,NA,NA,variable
7/14/21,14-Jul,9:00:00,field7,FIELD-44391,22,121,12,NA,38.8,CTmax,Incoming,Low-low,NA,NA,FIELD,FIELD,19.5,NA,NA,NA,NA,variable
7/14/21,14-Jul,9:00:00,field7,FIELD-44391,17,51,13,NA,38.8,CTmax,Incoming,Low-low,NA,NA,FIELD,FIELD,19.5,NA,NA,NA,NA,variable
7/14/21,14-Jul,9:00:00,field7,FIELD-44391,23,131,14,NA,38.8,CTmax,Incoming,Low-low,NA,NA,FIELD,FIELD,19.5,NA,NA,NA,NA,variable
7/14/21,14-Jul,9:00:00,field7,FIELD-44391,26,168,15,NA,39.1,CTmax,Incoming,Low-low,NA,NA,FIELD,FIELD,19.5,NA,NA,NA,NA,variable
7/14/21,14-Jul,9:00:00,field7,FIELD-44391,26,177,16,NA,39.1,CTmax,Incoming,Low-low,NA,NA,FIELD,FIELD,19.5,NA,NA,NA,NA,variable
7/14/21,14-Jul,9:00:00,field7,FIELD-44391,21,89,17,NA,39.1,CTmax,Incoming,Low-low,NA,NA,FIELD,FIELD,19.5,NA,NA,NA,NA,variable
7/14/21,14-Jul,9:00:00,field7,FIELD-44391,22,106,18,NA,39.1,CTmax,Incoming,Low-low,NA,NA,FIELD,FIELD,19.5,NA,NA,NA,NA,variable
7/14/21,14-Jul,9:00:00,field7,FIELD-44391,21,81,19,NA,39.1,CTmax,Incoming,Low-low,NA,NA,FIELD,FIELD,19.5,NA,NA,NA,NA,variable
7/14/21,14-Jul,9:00:00,field7,FIELD-44391,21,83,20,NA,39.1,CTmax,Incoming,Low-low,NA,NA,FIELD,FIELD,19.5,NA,NA,NA,NA,variable
7/14/21,14-Jul,10:00:00,field8,FIELD-44391,15,17,1,NA,9.8,CTmin,Incoming,Low-low,NA,NA,FIELD,FIELD,22.2,NA,NA,NA,NA,variable
7/14/21,14-Jul,10:00:00,field8,FIELD-44391,22,88,2,NA,6.4,CTmin,Incoming,Low-low,NA,NA,FIELD,FIELD,22.2,NA,NA,NA,NA,variable
7/14/21,14-Jul,10:00:00,field8,FIELD-44391,19,45,3,NA,6.4,CTmin,Incoming,Low-low,NA,NA,FIELD,FIELD,22.2,NA,NA,NA,NA,variable
7/14/21,14-Jul,10:00:00,field8,FIELD-44391,22,95,4,NA,6.2,CTmin,Incoming,Low-low,NA,NA,FIELD,FIELD,22.2,NA,NA,NA,NA,variable
7/14/21,14-Jul,10:00:00,field8,FIELD-44391,25,123,5,NA,6.2,CTmin,Incoming,Low-low,NA,NA,FIELD,FIELD,22.2,NA,NA,NA,NA,variable
7/14/21,14-Jul,10:00:00,field8,FIELD-44391,20,50,6,NA,6.1,CTmin,Incoming,Low-low,NA,NA,FIELD,FIELD,22.2,NA,NA,NA,NA,variable
7/14/21,14-Jul,10:00:00,field8,FIELD-44391,18,60,7,NA,6.1,CTmin,Incoming,Low-low,NA,NA,FIELD,FIELD,22.2,NA,NA,NA,NA,variable
7/14/21,14-Jul,10:00:00,field8,FIELD-44391,22,81,8,NA,6.1,CTmin,Incoming,Low-low,NA,NA,FIELD,FIELD,22.2,NA,NA,NA,NA,variable
7/14/21,14-Jul,10:00:00,field8,FIELD-44391,16,28,9,NA,6.1,CTmin,Incoming,Low-low,NA,NA,FIELD,FIELD,22.2,NA,NA,NA,NA,variable
7/14/21,14-Jul,10:00:00,field8,FIELD-44391,20,62,10,NA,6,CTmin,Incoming,Low-low,NA,NA,FIELD,FIELD,22.2,NA,NA,NA,NA,variable
7/14/21,14-Jul,10:00:00,field8,FIELD-44391,20,66,11,NA,6,CTmin,Incoming,Low-low,NA,NA,FIELD,FIELD,22.2,NA,NA,NA,NA,variable
7/14/21,14-Jul,10:00:00,field8,FIELD-44391,20,39,12,NA,6,CTmin,Incoming,Low-low,NA,NA,FIELD,FIELD,22.2,NA,NA,NA,NA,variable
7/14/21,14-Jul,10:00:00,field8,FIELD-44391,18,129,13,NA,6,CTmin,Incoming,Low-low,NA,NA,FIELD,FIELD,22.2,NA,NA,NA,NA,variable
7/14/21,14-Jul,10:00:00,field8,FIELD-44391,23,67,14,NA,5.9,CTmin,Incoming,Low-low,NA,NA,FIELD,FIELD,22.2,NA,NA,NA,NA,variable
7/14/21,14-Jul,10:00:00,field8,FIELD-44391,19,83,15,NA,5.9,CTmin,Incoming,Low-low,NA,NA,FIELD,FIELD,22.2,NA,NA,NA,NA,variable
7/14/21,14-Jul,10:00:00,field8,FIELD-44391,20,71,16,NA,5.9,CTmin,Incoming,Low-low,NA,NA,FIELD,FIELD,22.2,NA,NA,NA,NA,variable
7/14/21,14-Jul,10:00:00,field8,FIELD-44391,20,128,17,NA,5.8,CTmin,Incoming,Low-low,NA,NA,FIELD,FIELD,22.2,NA,NA,NA,NA,variable
7/14/21,14-Jul,10:00:00,field8,FIELD-44391,24,69,18,NA,5.8,CTmin,Incoming,Low-low,NA,NA,FIELD,FIELD,22.2,NA,NA,NA,NA,variable
7/14/21,14-Jul,10:00:00,field8,FIELD-44391,24,122,19,NA,5.7,CTmin,Incoming,Low-low,NA,NA,FIELD,FIELD,22.2,NA,NA,NA,NA,variable
7/14/21,14-Jul,10:00:00,field8,FIELD-44391,22,89,20,NA,5.6,CTmin,Incoming,Low-low,NA,NA,FIELD,FIELD,22.2,NA,NA,NA,NA,variable
7/14/21,14-Jul,10:00:00,field8,FIELD-44391,26,157,21,NA,5.5,CTmin,Incoming,Low-low,NA,NA,FIELD,FIELD,22.2,NA,NA,NA,NA,variable
7/14/21,14-Jul,10:00:00,field8,FIELD-44391,26,165,23,NA,5.5,CTmin,Incoming,Low-low,NA,NA,FIELD,FIELD,22.2,NA,NA,NA,NA,variable
7/14/21,14-Jul,10:00:00,field8,FIELD-44391,22,104,24,NA,5.5,CTmin,Incoming,Low-low,NA,NA,FIELD,FIELD,22.2,NA,NA,NA,NA,variable
7/14/21,14-Jul,10:00:00,field8,FIELD-44391,27,169,25,NA,5.4,CTmin,Incoming,Low-low,NA,NA,FIELD,FIELD,22.2,NA,NA,NA,NA,variable
9/21/21,21-Sep,10:24:00,field9,FIELD-44460,26,87,1,NA,6.2,CTmin,Incoming,High,NA,NA,FIELD,FIELD,17.3,NA,NA,NA,NA,variable
9/21/21,21-Sep,10:24:00,field9,FIELD-44460,27,110,2,NA,5.3,CTmin,Incoming,High,NA,NA,FIELD,FIELD,17.3,NA,NA,NA,NA,variable
9/21/21,21-Sep,10:24:00,field9,FIELD-44460,29,137,3,NA,5.3,CTmin,Incoming,High,NA,NA,FIELD,FIELD,17.3,NA,NA,NA,NA,variable
9/21/21,21-Sep,10:24:00,field9,FIELD-44460,23,83,4,NA,4.9,CTmin,Incoming,High,NA,NA,FIELD,FIELD,17.3,NA,NA,NA,NA,variable
9/21/21,21-Sep,10:24:00,field9,FIELD-44460,40,353,5,NA,4.5,CTmin,Incoming,High,NA,NA,FIELD,FIELD,17.3,NA,NA,NA,NA,variable
9/21/21,21-Sep,10:24:00,field9,FIELD-44460,29,164,6,NA,4.5,CTmin,Incoming,High,NA,NA,FIELD,FIELD,17.3,NA,NA,NA,NA,variable
9/21/21,21-Sep,10:24:00,field9,FIELD-44460,41,365,7,NA,4.4,CTmin,Incoming,High,NA,NA,FIELD,FIELD,17.3,NA,NA,NA,NA,variable
9/21/21,21-Sep,10:24:00,field9,FIELD-44460,34,207,8,NA,4.3,CTmin,Incoming,High,NA,NA,FIELD,FIELD,17.3,NA,NA,NA,NA,variable
9/21/21,21-Sep,10:24:00,field9,FIELD-44460,38,295,9,NA,4.3,CTmin,Incoming,High,NA,NA,FIELD,FIELD,17.3,NA,NA,NA,NA,variable
9/21/21,21-Sep,10:24:00,field9,FIELD-44460,34,215,10,NA,4.3,CTmin,Incoming,High,NA,NA,FIELD,FIELD,17.3,NA,NA,NA,NA,variable
9/21/21,21-Sep,10:24:00,field9,FIELD-44460,32,179,11,NA,4.3,CTmin,Incoming,High,NA,NA,FIELD,FIELD,17.3,NA,NA,NA,NA,variable
9/21/21,21-Sep,10:24:00,field9,FIELD-44460,25,88,12,NA,4.3,CTmin,Incoming,High,NA,NA,FIELD,FIELD,17.3,NA,NA,NA,NA,variable
9/21/21,21-Sep,10:24:00,field9,FIELD-44460,40,360,13,NA,4.2,CTmin,Incoming,High,NA,NA,FIELD,FIELD,17.3,NA,NA,NA,NA,variable
9/21/21,21-Sep,10:24:00,field9,FIELD-44460,35,243,14,NA,4.2,CTmin,Incoming,High,NA,NA,FIELD,FIELD,17.3,NA,NA,NA,NA,variable
9/21/21,21-Sep,11:40:00,field10,FIELD-44460,35,238,1,NA,37.2,CTmax,Incoming,High ,NA,NA,FIELD,FIELD,20.3,NA,NA,NA,NA,variable
9/21/21,21-Sep,11:40:00,field10,FIELD-44460,35,237,2,NA,37.3,CTmax,Incoming,High ,NA,NA,FIELD,FIELD,20.3,NA,NA,NA,NA,variable
9/21/21,21-Sep,11:40:00,field10,FIELD-44460,38,354,3,NA,37.3,CTmax,Incoming,High ,NA,NA,FIELD,FIELD,20.3,NA,NA,NA,NA,variable
9/21/21,21-Sep,11:40:00,field10,FIELD-44460,33,185,4,NA,37.3,CTmax,Incoming,High ,NA,NA,FIELD,FIELD,20.3,NA,NA,NA,NA,variable
9/21/21,21-Sep,11:40:00,field10,FIELD-44460,37,280,5,NA,37.3,CTmax,Incoming,High ,NA,NA,FIELD,FIELD,20.3,NA,NA,NA,NA,variable
9/21/21,21-Sep,11:40:00,field10,FIELD-44460,32,165,6,NA,37.4,CTmax,Incoming,High ,NA,NA,FIELD,FIELD,20.3,NA,NA,NA,NA,variable
9/21/21,21-Sep,11:40:00,field10,FIELD-44460,33,217,7,NA,37.4,CTmax,Incoming,High ,NA,NA,FIELD,FIELD,20.3,NA,NA,NA,NA,variable
9/21/21,21-Sep,11:40:00,field10,FIELD-44460,33,184,8,NA,37.4,CTmax,Incoming,High ,NA,NA,FIELD,FIELD,20.3,NA,NA,NA,NA,variable
9/21/21,21-Sep,11:40:00,field10,FIELD-44460,44,482,9,NA,37.5,CTmax,Incoming,High ,NA,NA,FIELD,FIELD,20.3,NA,NA,NA,NA,variable
9/21/21,21-Sep,11:40:00,field10,FIELD-44460,36,230,10,NA,37.6,CTmax,Incoming,High ,NA,NA,FIELD,FIELD,20.3,NA,NA,NA,NA,variable
9/21/21,21-Sep,11:40:00,field10,FIELD-44460,38,235,11,NA,37.8,CTmax,Incoming,High ,NA,NA,FIELD,FIELD,20.3,NA,NA,NA,NA,variable
9/21/21,21-Sep,11:40:00,field10,FIELD-44460,36,233,12,NA,37.8,CTmax,Incoming,High ,NA,NA,FIELD,FIELD,20.3,NA,NA,NA,NA,variable
9/21/21,21-Sep,11:40:00,field10,FIELD-44460,35,231,13,NA,37.8,CTmax,Incoming,High ,NA,NA,FIELD,FIELD,20.3,NA,NA,NA,NA,variable
9/21/21,21-Sep,11:40:00,field10,FIELD-44460,38,313,14,NA,37.6,CTmax,Incoming,High ,NA,NA,FIELD,FIELD,20.3,NA,NA,NA,NA,variable
9/21/21,21-Sep,11:40:00,field10,FIELD-44460,22,88,15,NA,37.6,CTmax,Incoming,High ,NA,NA,FIELD,FIELD,20.3,NA,NA,NA,NA,variable
9/21/21,21-Sep,13:03:00,field11,FIELD-44460,NA,NA,1,NA,6.2,CTmin,Outgoing,Medium,NA,NA,FIELD,FIELD,22.6,NA,NA,NA,NA,variable
9/21/21,21-Sep,13:03:00,field11,FIELD-44460,34,190,2,NA,4.8,CTmin,Outgoing,Medium,NA,NA,FIELD,FIELD,22.6,NA,NA,NA,NA,variable
9/21/21,21-Sep,13:03:00,field11,FIELD-44460,29,113,3,NA,5.1,CTmin,Outgoing,Medium,NA,NA,FIELD,FIELD,22.6,NA,NA,NA,NA,variable
9/21/21,21-Sep,13:03:00,field11,FIELD-44460,25,83,4,NA,3.6,CTmin,Outgoing,Medium,NA,NA,FIELD,FIELD,22.6,NA,NA,NA,NA,variable
9/21/21,21-Sep,13:03:00,field11,FIELD-44460,31,193,5,NA,3.9,CTmin,Outgoing,Medium,NA,NA,FIELD,FIELD,22.6,NA,NA,NA,NA,variable
9/21/21,21-Sep,13:03:00,field11,FIELD-44460,39,331,6,NA,3.9,CTmin,Outgoing,Medium,NA,NA,FIELD,FIELD,22.6,NA,NA,NA,NA,variable
9/21/21,21-Sep,13:03:00,field11,FIELD-44460,32,153,7,NA,3.9,CTmin,Outgoing,Medium,NA,NA,FIELD,FIELD,22.6,NA,NA,NA,NA,variable
9/21/21,21-Sep,13:03:00,field11,FIELD-44460,39,318,8,NA,5.5,CTmin,Outgoing,Medium,NA,NA,FIELD,FIELD,22.6,NA,NA,NA,NA,variable
9/21/21,21-Sep,13:03:00,field11,FIELD-44460,37,305,9,NA,4.3,CTmin,Outgoing,Medium,NA,NA,FIELD,FIELD,22.6,NA,NA,NA,NA,variable
9/21/21,21-Sep,13:03:00,field11,FIELD-44460,39,381,10,NA,4.3,CTmin,Outgoing,Medium,NA,NA,FIELD,FIELD,22.6,NA,NA,NA,NA,variable
9/21/21,21-Sep,13:03:00,field11,FIELD-44460,35,239,11,NA,4.3,CTmin,Outgoing,Medium,NA,NA,FIELD,FIELD,22.6,NA,NA,NA,NA,variable
9/21/21,21-Sep,13:03:00,field11,FIELD-44460,26,100,12,NA,4.3,CTmin,Outgoing,Medium,NA,NA,FIELD,FIELD,22.6,NA,NA,NA,NA,variable
9/21/21,21-Sep,13:03:00,field11,FIELD-44460,38,334,13,NA,4.3,CTmin,Outgoing,Medium,NA,NA,FIELD,FIELD,22.6,NA,NA,NA,NA,variable
9/21/21,21-Sep,13:03:00,field11,FIELD-44460,33,199,14,NA,4.2,CTmin,Outgoing,Medium,NA,NA,FIELD,FIELD,22.6,NA,NA,NA,NA,variable
9/21/21,21-Sep,13:03:00,field11,FIELD-44460,34,197,15,NA,4,CTmin,Outgoing,Medium,NA,NA,FIELD,FIELD,22.6,NA,NA,NA,NA,variable
9/21/21,21-Sep,13:03:00,field11,FIELD-44460,37,277,16,NA,4,CTmin,Outgoing,Medium,NA,NA,FIELD,FIELD,22.6,NA,NA,NA,NA,variable
9/21/21,21-Sep,14:36:00,field12,FIELD-44460,35,290,1,NA,37.2,CTmax,Incoming,High,NA,NA,FIELD,FIELD,26.1,NA,NA,NA,NA,variable
9/21/21,21-Sep,14:36:00,field12,FIELD-44460,39,325,2,NA,37.9,CTmax,Incoming,High,NA,NA,FIELD,FIELD,26.1,NA,NA,NA,NA,variable
9/21/21,21-Sep,14:36:00,field12,FIELD-44460,38,306,3,NA,38,CTmax,Incoming,High,NA,NA,FIELD,FIELD,26.1,NA,NA,NA,NA,variable
9/21/21,21-Sep,14:36:00,field12,FIELD-44460,41,398,4,NA,38,CTmax,Incoming,High,NA,NA,FIELD,FIELD,26.1,NA,NA,NA,NA,variable
9/21/21,21-Sep,14:36:00,field12,FIELD-44460,27,102,5,NA,37.9,CTmax,Incoming,High,NA,NA,FIELD,FIELD,26.1,NA,NA,NA,NA,variable
9/21/21,21-Sep,14:36:00,field12,FIELD-44460,34,NA,6,NA,37.9,CTmax,Incoming,High,NA,NA,FIELD,FIELD,26.1,NA,NA,NA,NA,variable
9/21/21,21-Sep,14:36:00,field12,FIELD-44460,NA,NA,7,NA,38,CTmax,Incoming,High,NA,NA,FIELD,FIELD,26.1,NA,NA,NA,NA,variable
9/21/21,21-Sep,14:36:00,field12,FIELD-44460,NA,NA,8,NA,38,CTmax,Incoming,High,NA,NA,FIELD,FIELD,26.1,NA,NA,NA,NA,variable
9/21/21,21-Sep,14:36:00,field12,FIELD-44460,40,348,10,NA,38.3,CTmax,Incoming,High,NA,NA,FIELD,FIELD,26.1,NA,NA,NA,NA,variable
9/21/21,21-Sep,14:36:00,field12,FIELD-44460,34,244,11,NA,38.3,CTmax,Incoming,High,NA,NA,FIELD,FIELD,26.1,NA,NA,NA,NA,variable
9/21/21,21-Sep,14:36:00,field12,FIELD-44460,36,258,12,NA,38.3,CTmax,Incoming,High,NA,NA,FIELD,FIELD,26.1,NA,NA,NA,NA,variable
9/21/21,21-Sep,14:36:00,field12,FIELD-44460,34,215,13,NA,38.5,CTmax,Incoming,High,NA,NA,FIELD,FIELD,26.1,NA,NA,NA,NA,variable
9/21/21,21-Sep,14:36:00,field12,FIELD-44460,26,100,14,NA,38.9,CTmax,Incoming,High,NA,NA,FIELD,FIELD,26.1,NA,NA,NA,NA,variable
9/22/21,22-Sep,11:22:00,field13,FIELD-44461,38,305,1,NA,7.7,CTmin,Incoming,High,NA,NA,FIELD,FIELD,17.4,NA,NA,NA,NA,variable
9/22/21,22-Sep,11:22:00,field13,FIELD-44461,37,261,2,NA,6.9,CTmin,Incoming,High,NA,NA,FIELD,FIELD,17.4,NA,NA,NA,NA,variable
9/22/21,22-Sep,11:22:00,field13,FIELD-44461,29,149,3,NA,6.8,CTmin,Incoming,High,NA,NA,FIELD,FIELD,17.4,NA,NA,NA,NA,variable
9/22/21,22-Sep,11:22:00,field13,FIELD-44461,23,69,4,NA,6.5,CTmin,Incoming,High,NA,NA,FIELD,FIELD,17.4,NA,NA,NA,NA,variable
9/22/21,22-Sep,11:22:00,field13,FIELD-44461,35,202,5,NA,6.6,CTmin,Incoming,High,NA,NA,FIELD,FIELD,17.4,NA,NA,NA,NA,variable
9/22/21,22-Sep,11:22:00,field13,FIELD-44461,30,156,6,NA,6.6,CTmin,Incoming,High,NA,NA,FIELD,FIELD,17.4,NA,NA,NA,NA,variable
9/22/21,22-Sep,11:22:00,field13,FIELD-44461,34,222,7,NA,6.6,CTmin,Incoming,High,NA,NA,FIELD,FIELD,17.4,NA,NA,NA,NA,variable
9/22/21,22-Sep,11:22:00,field13,FIELD-44461,29,133,8,NA,6.3,CTmin,Incoming,High,NA,NA,FIELD,FIELD,17.4,NA,NA,NA,NA,variable
9/22/21,22-Sep,11:22:00,field13,FIELD-44461,31,195,9,NA,6.3,CTmin,Incoming,High,NA,NA,FIELD,FIELD,17.4,NA,NA,NA,NA,variable
9/22/21,22-Sep,11:22:00,field13,FIELD-44461,34,257,10,NA,6.3,CTmin,Incoming,High,NA,NA,FIELD,FIELD,17.4,NA,NA,NA,NA,variable
9/22/21,22-Sep,11:22:00,field13,FIELD-44461,37,284,11,NA,6.3,CTmin,Incoming,High,NA,NA,FIELD,FIELD,17.4,NA,NA,NA,NA,variable
9/22/21,22-Sep,11:22:00,field13,FIELD-44461,29,134,12,NA,6.3,CTmin,Incoming,High,NA,NA,FIELD,FIELD,17.4,NA,NA,NA,NA,variable
9/22/21,22-Sep,11:22:00,field13,FIELD-44461,34,196,13,NA,6.1,CTmin,Incoming,High,NA,NA,FIELD,FIELD,17.4,NA,NA,NA,NA,variable
9/22/21,22-Sep,12:36:00,field14,FIELD-44461,40,328,1,NA,38,CTmax,Incoming,High,NA,NA,FIELD,FIELD,21.6,NA,NA,NA,NA,variable
9/22/21,22-Sep,12:36:00,field14,FIELD-44461,36,247,2,NA,38,CTmax,Incoming,High,NA,NA,FIELD,FIELD,21.6,NA,NA,NA,NA,variable
9/22/21,22-Sep,12:36:00,field14,FIELD-44461,37,274,3,NA,38.2,CTmax,Incoming,High,NA,NA,FIELD,FIELD,21.6,NA,NA,NA,NA,variable
9/22/21,22-Sep,12:36:00,field14,FIELD-44461,40,395,4,NA,38.2,CTmax,Incoming,High,NA,NA,FIELD,FIELD,21.6,NA,NA,NA,NA,variable
9/22/21,22-Sep,12:36:00,field14,FIELD-44461,37,256,5,NA,38.2,CTmax,Incoming,High,NA,NA,FIELD,FIELD,21.6,NA,NA,NA,NA,variable
9/22/21,22-Sep,12:36:00,field14,FIELD-44461,27,107,6,NA,38.4,CTmax,Incoming,High,NA,NA,FIELD,FIELD,21.6,NA,NA,NA,NA,variable
9/22/21,22-Sep,12:36:00,field14,FIELD-44461,31,158,7,NA,38.4,CTmax,Incoming,High,NA,NA,FIELD,FIELD,21.6,NA,NA,NA,NA,variable
9/22/21,22-Sep,12:36:00,field14,FIELD-44461,26,99,8,NA,38.7,CTmax,Incoming,High,NA,NA,FIELD,FIELD,21.6,NA,NA,NA,NA,variable
9/22/21,22-Sep,12:36:00,field14,FIELD-44461,41,374,9,NA,38.5,CTmax,Incoming,High,NA,NA,FIELD,FIELD,21.6,NA,NA,NA,NA,variable
9/22/21,22-Sep,12:36:00,field14,FIELD-44461,40,334,10,NA,38.6,CTmax,Incoming,High,NA,NA,FIELD,FIELD,21.6,NA,NA,NA,NA,variable
9/22/21,22-Sep,12:36:00,field14,FIELD-44461,41,369,11,NA,39,CTmax,Incoming,High,NA,NA,FIELD,FIELD,21.6,NA,NA,NA,NA,variable
9/22/21,22-Sep,14:31:00,field15,FIELD-44461,28,123,1,NA,4.8,CTmin,Outgoing,Medium,NA,NA,FIELD,FIELD,24,NA,NA,NA,NA,variable
9/22/21,22-Sep,14:31:00,field15,FIELD-44461,34,211,2,NA,4.8,CTmin,Outgoing,Medium,NA,NA,FIELD,FIELD,24,NA,NA,NA,NA,variable
9/22/21,22-Sep,14:31:00,field15,FIELD-44461,39,369,3,NA,4.8,CTmin,Outgoing,Medium,NA,NA,FIELD,FIELD,24,NA,NA,NA,NA,variable
9/22/21,22-Sep,14:31:00,field15,FIELD-44461,36,282,4,NA,4.5,CTmin,Outgoing,Medium,NA,NA,FIELD,FIELD,24,NA,NA,NA,NA,variable
9/22/21,22-Sep,14:31:00,field15,FIELD-44461,34,228,5,NA,4.5,CTmin,Outgoing,Medium,NA,NA,FIELD,FIELD,24,NA,NA,NA,NA,variable
9/22/21,22-Sep,14:31:00,field15,FIELD-44461,33,205,6,NA,4.5,CTmin,Outgoing,Medium,NA,NA,FIELD,FIELD,24,NA,NA,NA,NA,variable
9/22/21,22-Sep,14:31:00,field15,FIELD-44461,39,313,7,NA,4.6,CTmin,Outgoing,Medium,NA,NA,FIELD,FIELD,24,NA,NA,NA,NA,variable
9/22/21,22-Sep,14:31:00,field15,FIELD-44461,33,216,8,NA,4.6,CTmin,Outgoing,Medium,NA,NA,FIELD,FIELD,24,NA,NA,NA,NA,variable
9/22/21,22-Sep,14:31:00,field15,FIELD-44461,35,239,9,NA,4.6,CTmin,Outgoing,Medium,NA,NA,FIELD,FIELD,24,NA,NA,NA,NA,variable
9/22/21,22-Sep,14:31:00,field15,FIELD-44461,36,269,10,NA,4.6,CTmin,Outgoing,Medium,NA,NA,FIELD,FIELD,24,NA,NA,NA,NA,variable
9/22/21,22-Sep,14:31:00,field15,FIELD-44461,34,245,11,NA,4.4,CTmin,Outgoing,Medium,NA,NA,FIELD,FIELD,24,NA,NA,NA,NA,variable
9/22/21,22-Sep,14:31:00,field15,FIELD-44461,31,156,12,NA,4.4,CTmin,Outgoing,Medium,NA,NA,FIELD,FIELD,24,NA,NA,NA,NA,variable
9/22/21,22-Sep,14:31:00,field15,FIELD-44461,38,412,13,NA,4.4,CTmin,Outgoing,Medium,NA,NA,FIELD,FIELD,24,NA,NA,NA,NA,variable
9/22/21,22-Sep,16:25:00,field16,FIELD-44461,31,170,1,NA,35.8,CTmax,Outgoing,Low,NA,NA,FIELD,FIELD,24.5,NA,NA,NA,NA,variable
9/22/21,22-Sep,16:25:00,field16,FIELD-44461,22,59,2,NA,36.1,CTmax,Outgoing,Low,NA,NA,FIELD,FIELD,24.5,NA,NA,NA,NA,variable
9/22/21,22-Sep,16:25:00,field16,FIELD-44461,29,141,3,NA,36.2,CTmax,Outgoing,Low,NA,NA,FIELD,FIELD,24.5,NA,NA,NA,NA,variable
9/22/21,22-Sep,16:25:00,field16,FIELD-44461,34,220,4,NA,36.2,CTmax,Outgoing,Low,NA,NA,FIELD,FIELD,24.5,NA,NA,NA,NA,variable
9/22/21,22-Sep,16:25:00,field16,FIELD-44461,38,335,5,NA,36.5,CTmax,Outgoing,Low,NA,NA,FIELD,FIELD,24.5,NA,NA,NA,NA,variable
9/22/21,22-Sep,16:25:00,field16,FIELD-44461,38,332,6,NA,36.5,CTmax,Outgoing,Low,NA,NA,FIELD,FIELD,24.5,NA,NA,NA,NA,variable
9/22/21,22-Sep,16:25:00,field16,FIELD-44461,37,301,7,NA,36.8,CTmax,Outgoing,Low,NA,NA,FIELD,FIELD,24.5,NA,NA,NA,NA,variable
9/22/21,22-Sep,16:25:00,field16,FIELD-44461,37,276,8,NA,36.8,CTmax,Outgoing,Low,NA,NA,FIELD,FIELD,24.5,NA,NA,NA,NA,variable
9/22/21,22-Sep,16:25:00,field16,FIELD-44461,37,257,9,NA,36.8,CTmax,Outgoing,Low,NA,NA,FIELD,FIELD,24.5,NA,NA,NA,NA,variable
9/22/21,22-Sep,16:25:00,field16,FIELD-44461,24,96,10,NA,36.8,CTmax,Outgoing,Low,NA,NA,FIELD,FIELD,24.5,NA,NA,NA,NA,variable
9/22/21,22-Sep,16:25:00,field16,FIELD-44461,26,97,11,NA,36.9,CTmax,Outgoing,Low,NA,NA,FIELD,FIELD,24.5,NA,NA,NA,NA,variable
9/22/21,22-Sep,16:25:00,field16,FIELD-44461,33,295,12,NA,36.9,CTmax,Outgoing,Low,NA,NA,FIELD,FIELD,24.5,NA,NA,NA,NA,variable